year_of_publication,country_of_publication,primary_language_code,count
1480,gw,ger,1
1525,XA-IT,lat,1
1567,XA-DE,lat,2
1590,gw,ger,1
1591,gw,lat,1
1610,XA-DE,lat,1
1610,,ger,1
1612,,lat,1
1614,ZZ,lat,2
1614,,lat,2
1618,,lat,1
1619,XA-FR,lat,2
1621,,,2
1621,,lat,1
1623,,lat,1
1625,,lat,2
1629,gw,lat,1
1630,gw,lat,1
1634,XA-DE,lat,4
1634,XA-DE,,2
1634,gw,lat,1
1634,,lat,1
1635,XA-CH,lat,4
1635,,lat,2
1636,XA-DE,lat,3
1636,,lat,3
1643,XA-PL,lat,2
1643,XA-PL,ger,1
1646,,,1
1646,XA-RU,lat,1
1647,XA-FR,fre,7
1647,fr,fre,1
1647,,fre,1
1653,er,lat,3
1653,XA-EE,lat,1
1654,,,2
1654,,lat,1
1655,XA-NL,lat,3
1655,XA-DE,lat,2
1655,gw,lat,1
1655,,lat,1
1659,XA-DE,lat,3
1659,ZZ,lat,1
1659,,lat,1
1660,,,2
1660,XA-NL,lat,1
1661,,lat,2
1661,,,2
1661,XA-PL,lat,1
1662,,lat,3
1662,XA-DE,lat,2
1662,,,1
1662,XG-DR,lat,1
1662,XA-PL,lat,1
1664,,lat,1
1665,XA-EE,lat,4
1665,,lat,2
1665,er,lat,1
1666,XA-DE,lat,6
1666,,lat,3
1666,XA-DE,mul,2
1666,gw,lat,1
1666,,,1
1667,XA-DE,lat,1
1668,XA-DE,lat,2
1668,fr,fre,1
1669,XA-DE,lat,12
1669,,lat,4
1669,,,3
1669,XA-DE,ger,2
1669,gw,lat,1
1669,de,lat,1
1669,XG-DR,lat,1
1670,XA-DE,lat,3
1671,XA-FR,fre,5
1671,ZZ,fre,1
1672,fi,lat,2
1672,XA-NL,fre,1
1672,XA-FI,lat,1
1674,,lat,4
1674,sw,ger,1
1675,XA-DE,lat,7
1675,,,5
1675,,lat,4
1675,XA-FR,fre,3
1675,fr,fre,2
1676,,lat,1
1678,XA-FR,fre,2
1678,,,1
1679,,lat,1
1680,XA-DE,lat,2
1680,de,lat,1
1681,,lat,5
1681,ZZ,lat,3
1681,,,1
1681,XA-DE,lat,1
1682,,ger,2
1683,ZZ,lat,2
1683,stk,lat,1
1684,XA-DE,lat,12
1684,,lat,3
1684,,,2
1684,XA-FR,fre,1
1684,XG-DR,lat,1
1685,XA-NL,fre,2
1685,XA-DE,lat,2
1686,,lat,1
1688,,lat,3
1688,ne,fre,1
1689,,lat,2
1689,XA-DE,lat,1
1690,,lat,3
1690,XA-GB,eng,2
1691,,lat,5
1691,XA-FR,fre,2
1691,XA-DE,lat,1
1691,gw,lat,1
1692,XA-DE,lat,3
1692,,,3
1692,ZZ,ger,1
1692,XA-FR,lat,1
1692,,lat,1
1693,XA-GB,eng,4
1693,XA-PL,lat,2
1694,,lat,2
1694,gw,lat,2
1694,,,1
1695,XA-DE,lat,5
1695,,lat,2
1695,XA-DE,heb,2
1695,XA-DE,gre,2
1696,,lat,5
1696,XA-DE,lat,4
1696,XG-DR,lat,2
1696,nl,lat,2
1696,,,2
1696,ZZ,lat,1
1696,gs,lat,1
1697,XA-FR,fre,14
1697,,fre,2
1697,,,2
1697,fr,fra,1
1697,fr,fre,1
1698,gw,lat,1
1699,enk,eng,1
1700,XA-CH,ger,2
1700,XA-DE,lat,1
1701,XA-NL,lat,7
1701,nl,lat,5
1701,,lat,2
1701,gw,ger,1
1701,gw,lat,1
1701,XA-DE,lat,1
1702,XA-DE,lat,3
1703,ZZ,lat,2
1703,XA-DE,heb,2
1703,ZZ,grc,2
1703,ZZ,heb,2
1703,XA-DE,grc,2
1703,,lat,2
1703,XA-DE,lat,2
1703,xx,lat,1
1704,XA-DE,heb,5
1704,XA-DE,lat,4
1704,ZZ,lat,2
1704,gw,lat,1
1705,XA-DE,lat,6
1705,XA-DE,grc,2
1705,XG-DR,lat,1
1705,gw,lat,1
1705,XA-DXDE,lat,1
1705,oo,lat,1
1706,XA-DE,lat,10
1706,XA-DXDE,lat,2
1706,de,lat,2
1706,,lat,2
1706,,,1
1706,XA-DE,heb,1
1708,nl,lat,2
1708,,,2
1709,XA-DE,lat,1
1710,XA-NL,fre,2
1711,XA-DE,,1
1712,ZZ,lat,2
1712,ZZ,ger,1
1713,XA-DE,lat,5
1713,XA-DXDE,lat,2
1714,XA-DE,ger,5
1714,ZZ,ger,4
1714,XG-DR,ger,4
1714,ZZ,lat,4
1714,XA-DE,lat,4
1714,XA-DXDE,ger,2
1714,XA-DXDE,lat,2
1714,,ger,1
1714,ZZ,fre,1
1714,XG-DR,lat,1
1715,XA-DXDE,lat,8
1715,XA-DXDE,ger,6
1715,XA-DE,lat,6
1715,XA-DE,ger,6
1715,,ger,2
1715,XG-DR,ger,2
1715,,lat,1
1716,,ger,12
1716,,lat,12
1716,ZZ,lat,2
1716,XA-DE,lat,2
1716,ZZ,ger,1
1716,XG-DR,lat,1
1716,XA-DE,ger,1
1718,XA-DE,lat,2
1719,XA-PL,lat,4
1719,XA-DXDE,lat,2
1719,XG-DR,lat,1
1720,,,2
1721,XA-DE,lat,1
1721,XA-DE,ger,1
1722,XA-DE,,2
1722,XA-DXDE,ger,2
1722,XA-FR,fre,2
1722,XG-DR,ger,1
1722,gw,lat,1
1723,XA-PL,lat,5
1723,,lat,4
1723,XA-DE,lat,2
1723,pl,lat,1
1723,XG-DR,lat,1
1724,XA-DE,ger,1
1724,XA-DE,lat,1
1725,XA-DE,lat,8
1725,XA-DE,ger,2
1725,XA-DE,heb,2
1725,xx,ger,1
1728,,heb,2
1728,ZZ,lat,1
1729,XA-DE,lat,1
1729,XA-DE,grc,1
1731,XA-DE,lat,5
1731,XA-DE,ger,3
1732,XA-DE,lat,2
1732,gw,lat,1
1732,XG-DR,lat,1
1732,,,1
1733,XA-NL,fre,2
1733,XA-FR,fre,2
1733,ZZ,lat,1
1734,XA-DE,lat,4
1734,ZZ,grc,1
1734,ZZ,lat,1
1735,XA-DE,heb,3
1735,XA-DE,lat,3
1735,XA-DK,lat,1
1736,XA-DE,lat,2
1736,gw,lat,1
1737,XA-DE,lat,5
1737,,,3
1737,XA-DXDE,lat,2
1737,XA-LT,lat,1
1737,li,lat,1
1739,,,2
1739,XA-DE,lat,1
1739,XG-DR,lat,1
1740,,ger,6
1740,XG-DR,ger,1
1741,XA-DE,lat,2
1741,XA-DE,heb,2
1743,XA-DK,dan,3
1743,XA-DE,grc,2
1743,XA-DE,lat,2
1743,ZZ,lat,1
1743,ZZ,grc,1
1743,,,1
1743,dk,dan,1
1744,XA-IE,eng,2
1745,,,2
1745,XA-DE,lat,1
1748,XA-DE,lat,5
1748,XA-DE,heb,2
1748,fr,fre,1
1748,,,1
1749,fr,fra,1
1750,gw,ger,1
1750,ZZ,ger,1
1751,sw,swe,2
1751,XA-SE,swe,2
1751,XA-CZ,lat,1
1752,sw,swe,2
1752,XA-SE,swe,1
1753,XA-DE,lat,2
1754,,,2
1754,,fre,2
1755,XA-DE,lat,7
1755,,,6
1755,,lat,3
1755,XA-DXDE,lat,2
1755,sw,,2
1755,XG-DR,lat,2
1755,XA-SE,lat,1
1755,sw,lat,1
1756,yy,zxx,2
1756,sw,,2
1756,ZZ,ger,1
1756,sw,lat,1
1756,XA-DE,lat,1
1756,XA-SE,lat,1
1757,sw,,2
1757,XA-CH,ger,2
1757,XA-SE,lat,1
1757,sw,lat,1
1758,XA-FR,fre,4
1758,sw,lat,3
1758,XA-SE,lat,2
1758,xx,lat,1
1758,enk,eng,1
1760,enk,eng,1
1760,ZZ,ger,1
1760,XG-DR,lat,1
1762,XA-GB,eng,6
1762,xxk,eng,1
1762,enk,eng,1
1763,XA-FR,fre,6
1763,fr,fre,1
1764,XA-DE,lat,15
1764,,lat,15
1764,ZZ,lat,3
1764,ZZ,ger,3
1764,XA-DXDE,fre,2
1764,XA-NL,fre,2
1764,,,1
1765,XA-FR,fre,2
1767,XA-FR,fre,15
1767,,fre,2
1767,NL,por,1
1767,fr,fre,1
1768,XA-FR,fre,7
1769,XA-FR,fre,6
1769,XA-DXDE,lat,2
1769,XG-DR,lat,1
1769,XA-DE,lat,1
1770,ru,lat,1
1771,XA-FR,lat,4
1771,XA-CH,,2
1771,ZZ,dut,1
1772,XA-NL,ger,5
1772,nl,dui,3
1772,XA-CH,,2
1772,,ger,2
1772,,,2
1772,pl,lat,1
1772,xxu,eng,1
1772,XA-FR,fre,1
1772,ZZ,,1
1772,XA-DE,lat,1
1773,XA-CH,,2
1774,XA-IT,lat,2
1774,,,2
1774,XA-DE,lat,2
1774,XA-CH,,2
1775,XA-CH,,2
1775,ZZ,,2
1775,XA-FR,fre,1
1775,xxu,eng,1
1776,sw,swe,2
1776,XA-CH,,2
1776,XA-SE,swe,1
1777,XA-CH,,2
1778,GB,por,1
1779,,ger,6
1779,XA-DE,ger,5
1779,XG-DR,ger,3
1779,de,dui,2
1779,XA-NL,fre,2
1779,XA-DE,lat,2
1779,enk,eng,1
1780,XA-CH,,2
1780,XA-DE,ger,1
1780,enk,eng,1
1781,XA-DE,ger,7
1781,,ger,6
1781,,,5
1781,XA-SE,swe,4
1781,XA-SE,,1
1783,XA-FR,ger,1
1784,XA-SE,,1
1784,XA-SE,swe,1
1786,XA-DK,ger,8
1786,,ger,4
1786,XA-DE,ger,4
1786,,,4
1786,XA-CH,ger,2
1786,XA-DXDE,ger,2
1786,XG-DR,ger,1
1787,XA-GB,eng,4
1787,xxu,eng,1
1787,enk,eng,1
1787,ZZ,ger,1
1788,XA-GB,eng,5
1788,enk,eng,1
1788,xxu,eng,1
1789,xxu,eng,1
1791,,,2
1791,XG-DR,ger,1
1792,xxu,eng,1
1793,XA-GB,lat,3
1793,ZZ,lat,2
1793,XA-RU,lat,2
1795,XA-PL,ger,12
1795,XA-DE,ger,5
1795,,ger,3
1795,ZZ,ger,2
1795,XA-DXDE,ger,2
1795,XG-DR,ger,1
1796,XA-DK,ger,5
1796,XA-DE,ger,3
1796,,,2
1796,,ger,2
1796,gw,ger,1
1797,XA-GB,eng,2
1797,xxu,eng,1
1797,ie,eng,1
1799,xxu,eng,1
1799,gw,fre,1
1800,ZZ,ger,3
1800,XA-GB,eng,2
1800,enk,eng,2
1801,XA-DK,,2
1801,XA-RU,ger,1
1801,ru,ger,1
1801,,,1
1801,XA-CH,ger,1
1801,XA-DE,lat,1
1802,XA-FR,fre,1
1802,XA-RU,ger,1
1802,,,1
1803,XA-GB,eng,1
1804,XA-DE,ger,1
1805,XA-GB,eng,5
1805,XG-AX,ger,1
1807,XA-DE,lat,1
1807,XA-FR,fre,1
1807,,lat,1
1808,XA-GB,lat,3
1808,XA-DK,dan,2
1808,XA-FR,fre,2
1810,ZZ,hun,6
1810,XA-DE,lat,1
1810,,,1
1810,ZZ,lat,1
1811,XA-IE,eng,3
1811,ZZ,hun,2
1811,ZZ,ger,1
1814,,,5
1814,,lat,2
1814,XA-DE,lat,2
1814,ZZ,ger,1
1815,XA-DE,lat,5
1815,,,3
1815,XA-GB,eng,2
1815,XA-FR,fre,2
1816,,,6
1816,XA-DE,lat,4
1816,XA-IE,eng,2
1816,gw,lat,1
1816,XG-DR,lat,1
1817,XA-FR,fre,2
1817,,,1
1818,,,6
1818,XA-DE,lat,6
1818,,lat,2
1818,XG-DR,lat,2
1818,ZZ,lat,1
1819,,lat,4
1819,XA-GB,eng,4
1819,XA-DE,lat,4
1819,XA-IE,eng,2
1819,ZZ,lat,1
1819,XG-DR,lat,1
1820,XA-GB,eng,9
1820,XA-DE,lat,7
1820,,lat,4
1820,XA-DE,,2
1820,XA-DK,dan,2
1820,,,2
1820,gw,ger,1
1820,XA-BE,lat,1
1821,XA-EE,lat,7
1821,XA-AT,ger,1
1821,er,lat,1
1821,ZZ,lat,1
1822,XA-NL,lat,4
1822,XA-DE,lat,3
1822,,,2
1823,,,7
1823,,lat,6
1823,XA-DE,ger,5
1823,ZZ,lat,3
1823,XA-IT,lat,2
1823,XA-DE,lat,1
1824,,,11
1824,XA-DE,lat,7
1824,XA-PL,lat,3
1824,XA-GB,eng,3
1824,,lat,2
1824,ZZ,lat,2
1824,XG-DR,lat,1
1824,xxk,eng,1
1825,XA-FR,fre,2
1825,XA-DK,,2
1825,,lat,2
1825,ZZ,lat,1
1825,XG-DR,lat,1
1826,,,8
1826,XA-DE,lat,6
1826,XG-DR,lat,2
1826,be,lat,2
1827,XA-DE,lat,9
1827,,,5
1827,XA-IT,lat,4
1827,XA-RU,lat,2
1827,XG-DR,lat,2
1827,ZZ,lat,1
1828,XA-GB,eng,3
1828,XG-DR,ger,2
1828,XA-DE,ger,2
1828,ZZ,ger,1
1829,,lat,2
1829,XA-FR,fre,2
1829,XA-DE,lat,1
1830,XA-FR,fre,8
1830,,,1
1830,XA-DE,lat,1
1830,XA-SE,lat,1
1834,fi,lat,4
1834,ru,lat,1
1834,nl,lat,1
1834,gw,lat,1
1835,nl,lat,3
1836,nl,lat,3
1838,nl,lat,3
1838,au,ger,1
1840,sw,swe,2
1841,nl,lat,3
1841,fi,lat,3
1841,sw,nor,1
1841,pl,lat,1
1841,xr,lat,1
1841,sw,swe,1
1847,fi,lat,6
1848,er,lat,1
1851,xx,,1
1852,fi,swe,2
1852,fi,lat,1
1855,sw,swe,1
1855,gw,lat,1
1867,xxk,eng,1
1873,gb,eng,4
1874,gb,eng,1
1875,dk,dan,1
1876,sw,swe,1
1876,gb,eng,1
1877,enk,eng,1
1877,xxk,eng,1
1878,gb,eng,1
1879,gb,eng,3
1879,xxu,eng,1
1879,enk,eng,1
1880,FR,por,1
1880,fr,fre,1
1881,enk,eng,1
1882,gb,eng,3
1883,gb,eng,5
1883,xxu,eng,2
1883,nl,ned,2
1883,xxk,eng,1
1883,xx,,1
1884,xxu,eng,2
1884,gb,eng,2
1885,gb,eng,4
1885,us,eng,1
1887,gb,eng,4
1887,sw,swe,2
1887,xx,,1
1887,gw,ger,1
1887,no#,nob,1
1888,gb,eng,4
1888,dk,swe,3
1888,xxu,eng,2
1888,xxk,eng,1
1889,xxk,eng,1
1889,xxu,eng,1
1890,gb,eng,2
1890,gw,ger,1
1890,xxk,ger,1
1890,sw,fre,1
1890,de,dui,1
1891,fr,fre,1
1891,xxk,eng,1
1892,fr,eng,1
1892,fr,fra,1
1892,fr,fre,1
1893,xxk,eng,4
1893,gb,eng,3
1893,xxu,eng,1
1893,enk,eng,1
1894,xxk,eng,5
1894,gb,eng,2
1894,gw,eng,1
1894,de,dui,1
1894,us,eng,1
1894,fr,fre,1
1894,fr,fra,1
1894,xx,,1
1895,gb,eng,6
1895,xxk,eng,5
1895,nl,ned,4
1895,xxu,eng,3
1895,xx,eng,1
1895,be,fre,1
1895,us,eng,1
1896,xxu,eng,5
1896,gb,eng,2
1896,fr,fra,1
1896,no,nob,1
1896,us,eng,1
1896,xxk,eng,1
1897,gb,eng,3
1897,xxu,eng,2
1897,xxk,eng,1
1898,gb,eng,6
1898,xxu,eng,3
1898,,eng,1
1898,fr,eng,1
1899,xxu,eng,5
1899,xxk,eng,3
1899,fr,fre,2
1899,gb,eng,2
1899,fr,fra,1
1899,xx,fre,1
1900,xxu,eng,2
1900,xxk,eng,2
1900,fr,fra,2
1900,no,nob,1
1900,xx,eng,1
1900,PT,por,1
1900,gb,eng,1
1900,,por,1
1900,no#,fre,1
1900,us,eng,1
1901,xxu,eng,4
1901,gb,eng,3
1901,gw,ger,2
1901,xxk,eng,2
1901,nl,ned,2
1901,gw,fre,1
1901,fr,fra,1
1902,xxu,eng,4
1902,gw,ger,1
1902,nyu,eng,1
1902,ai,eng,1
1902,de,dui,1
1902,gb,eng,1
1903,xxu,eng,3
1903,us,eng,3
1903,US,por,1
1903,xxk,eng,1
1903,gb,eng,1
1903,fr,fre,1
1903,ii,eng,1
1903,  ,fre,1
1904,fi,ger,3
1904,FR,por,2
1904,xxu,eng,2
1904,xxk,eng,2
1904,gb,eng,1
1904,be,fra,1
1905,xxk,eng,2
1905,xxu,eng,2
1905,fr,fre,1
1905,US,por,1
1906,xxk,eng,6
1906,gb,eng,4
1906,xxu,eng,2
1906,xx,eng,1
1906,US,por,1
1906,fr,fra,1
1907,xxu,eng,5
1907,fr,fre,5
1907,gb,eng,4
1907,xxk,eng,3
1907,gw,ger,1
1907,GB,por,1
1907,sw,swe,1
1907,us,eng,1
1907,FR,por,1
1907,xx,eng,1
1908,xxk,eng,4
1908,xxu,eng,3
1908,gb,eng,3
1908,fr,fre,2
1908,de,dui,1
1908,FR,por,1
1908,nyu,eng,1
1908,fr,fra,1
1908,gw,eng,1
1908,xxu,fre,1
1908,xx,ger,1
1908,us,eng,1
1909,xxu,eng,6
1909,xxk,eng,3
1909,no,nob,2
1909,gb,eng,2
1909,US,por,2
1909,FR,por,1
1909,gw,eng,1
1909,us,eng,1
1909,fr,fra,1
1909,xx,eng,1
1910,xxk,eng,4
1910,xxu,eng,4
1910,gb,eng,3
1910,fr,fre,2
1910,,eng,1
1910,enk,eng,1
1910,us,eng,1
1910,pl,fre,1
1911,xxu,eng,8
1911,xxk,eng,5
1911,gb,eng,5
1911,xx,eng,3
1911,us,eng,2
1911,xx,,2
1911,gw,ger,2
1911,sw,swe,1
1911,be,fre,1
1911,fr,fra,1
1911,de,dui,1
1911,US,por,1
1911,DE,por,1
1912,gb,eng,7
1912,xxk,eng,6
1912,gw,ger,3
1912,xx,,2
1912,de,eng,1
1912,oo,eng,1
1912,xxu,eng,1
1912,gw,eng,1
1912,sw,swe,1
1912,fr,fra,1
1912,de,dui,1
1912,ca,eng,1
1912,pau,eng,1
1913,gw,eng,3
1913,fi,swe,3
1913,gw,ger,2
1913,pl,ger,2
1913,xxk,eng,2
1913,fr,fra,1
1913,xx,eng,1
1913,gb,eng,1
1913,xxu,eng,1
1914,xxu,eng,5
1914,us,eng,2
1914,xxk,eng,2
1914,nl,ned,2
1914,gw,eng,1
1914,sw,swe,1
1914,gw,ger,1
1915,xxk,eng,7
1915,ZZ,,4
1915,gb,eng,4
1915,xx,eng,3
1915,xxu,eng,3
1915,sw,swe,2
1915,dk,dan,2
1915,nl,ned,2
1915,nl,eng,2
1915,us,eng,2
1915,no,nob,1
1915,gw,ger,1
1916,no,nob,6
1916,xxu,eng,3
1916,us,eng,2
1916,nl,eng,2
1916,gb,eng,2
1916,US,por,1
1916,,eng,1
1916,nju,eng,1
1916,FR,por,1
1916,gw,eng,1
1916,sz,fre,1
1916,gw,ger,1
1916,xx,,1
1916,ne,eng,1
1916,xx,eng,1
1916,xxk,eng,1
1917,xxu,eng,4
1917,us,eng,3
1917,gw,eng,2
1917,gb,eng,2
1917,xxk,eng,1
1917,GB,por,1
1917,at,dui,1
1917,gw,ger,1
1918,us,eng,5
1918,gw,ger,3
1918,xxu,eng,2
1918,fr,mul,2
1918,xxk,eng,2
1918,gw,eng,2
1918,xx,,1
1918,GB,por,1
1918,ZZ,,1
1918,sw,ger,1
1918,gb,eng,1
1918,US,por,1
1918,enk,eng,1
1919,nl,fra,4
1919,xxu,eng,3
1919,xxk,eng,2
1919,gb,eng,2
1919,nl,eng,2
1919,fr,fre,1
1919,xx,eng,1
1919,gw,eng,1
1919,enk,eng,1
1919,xx,,1
1919,US,por,1
1919,gw,ger,1
1919,sw,eng,1
1920,xxk,eng,5
1920,fr,fre,4
1920,sw,swe,3
1920,gb,eng,3
1920,gw,ger,2
1920,xxu,eng,2
1920,ie,eng,2
1920,xx,eng,1
1920,fr,eng,1
1920,nl,eng,1
1921,xxu,eng,8
1921,xxk,eng,5
1921,gw,ger,4
1921,gb,eng,2
1921,ne,eng,2
1921,xx,eng,2
1921,nl,eng,2
1921,sw,swe,2
1921,xr,cze,1
1921,xx,,1
1921,fr,fre,1
1922,xxu,eng,6
1922,xxk,eng,5
1922,us,eng,2
1922,gw,ger,2
1922,gb,eng,2
1922,fr,fre,2
1922,gw,eng,1
1922,er,eng,1
1922,ee,eng,1
1922,xx,,1
1923,gw,eng,5
1923,xxu,eng,5
1923,no,nob,4
1923,nl,ned,2
1923,gw,ger,2
1923,fr,fre,1
1923,xxk,eng,1
1923,xx,,1
1923,xx,eng,1
1924,xxu,eng,6
1924,xxk,eng,3
1924,gb,eng,2
1924,gw,ger,2
1924,xr,eng,2
1924,fr,fre,2
1924,ksu,eng,1
1924,cs,eng,1
1924,us,eng,1
1924,enk,eng,1
1925,xxu,eng,12
1925,gw,ger,6
1925,xxk,eng,4
1925,xx,eng,2
1925,dk,dan,2
1925,us,eng,2
1925,nl,afr,2
1925,enk,eng,1
1925,gw,eng,1
1925,sw,swe,1
1925,fr,fre,1
1925,nl,ned,1
1925,de,dui,1
1925,US,por,1
1926,xxu,eng,7
1926,xxk,eng,5
1926,nl,dui,2
1926,fr,akk,2
1926,ZZ,,1
1926,enk,eng,1
1926,FR,por,1
1926,us,eng,1
1926,fr,fre,1
1926,gw,ger,1
1926,gb,eng,1
1927,xxu,eng,5
1927,xxk,eng,4
1927,gw,ger,3
1927,fr,fre,2
1927,us,eng,2
1927,gb,eng,1
1927,sw,eng,1
1927,gw,fre,1
1927,sw,ger,1
1928,xxu,eng,7
1928,gw,eng,4
1928,gb,eng,3
1928,gw,ger,2
1928,fr,fre,2
1928,us,eng,2
1928,xxk,eng,1
1928,xx,eng,1
1928,pl,fre,1
1928,nyu,eng,1
1928,US,por,1
1929,xx,eng,3
1929,nl,ned,2
1929,nl,eng,2
1929,gw,ger,2
1929,us,eng,2
1929,xxu,eng,2
1929,gb,eng,1
1929,US,por,1
1929,fr,fre,1
1929,gw,eng,1
1929,ilu,eng,1
1930,xxk,eng,4
1930,us,eng,3
1930,xx,eng,3
1930,xxu,eng,3
1930,nl,eng,3
1930,gw,ger,3
1930,fr,fre,2
1930,gb,eng,2
1930,ZZ,,2
1930,fr,,1
1930,gw,eng,1
1930,xxk,ger,1
1931,gw,ger,6
1931,xxu,eng,5
1931,xxk,eng,4
1931,xx,eng,2
1931,gb,eng,2
1931,enk,eng,1
1931,dk,eng,1
1932,gw,ger,5
1932,xx,eng,4
1932,xxu,eng,4
1932,dk,eng,2
1932,xxk,eng,2
1932,nl,eng,2
1932,gb,eng,2
1932,us,eng,1
1932,PT,por,1
1932,enk,eng,1
1932,US,por,1
1932,in,eng,1
1933,xxk,eng,3
1933,gw,ger,2
1933,gw,eng,2
1933,xxu,eng,1
1933,un,eng,1
1933,xx,eng,1
1933,za,eng,1
1933,pl,fre,1
1933,ch,fre,1
1934,xxk,eng,3
1934,nl,lat,2
1934,xxu,eng,2
1934,xx,eng,2
1934,nl,eng,2
1934,pl,fre,1
1934,it,lat,1
1934,gb,eng,1
1934,cs,eng,1
1934,xx,swe,1
1934,fr,fra,1
1934,pl,pol,1
1934,de,fra,1
1935,xxu,eng,5
1935,xxk,eng,5
1935,gw,ger,2
1935,gb,eng,2
1935,us,eng,2
1935,sw,swe,1
1935,in,eng,1
1935,FR,por,1
1935,gw,eng,1
1935,gw,,1
1935,fr,fra,1
1935,fr,fre,1
1935,xx,eng,1
1936,xxk,eng,5
1936,xxu,eng,4
1936,PT,por,2
1936,xx,eng,2
1936,us,eng,2
1936,sw,eng,1
1936,gw,eng,1
1936,fr,fra,1
1936,gb,eng,1
1936,ii,eng,1
1936,xx,fre,1
1936,xxc,eng,1
1936,FR,por,1
1936,be,fre,1
1937,PT,por,3
1937,gw,ger,2
1937,xxk,eng,2
1937,ii,eng,1
1937,cs,cze,1
1937,xr,eng,1
1937,ie,eng,1
1937,fr,fre,1
1937,gw,,1
1937,gw,eng,1
1937,ZZ,,1
1938,xxk,eng,13
1938,gw,eng,6
1938,gw,,5
1938,gb,eng,4
1938,xxu,eng,2
1938,er,eng,2
1938,ee,eng,1
1938,US,por,1
1938,xx,eng,1
1938,xxk,ger,1
1938,gw,ger,1
1939,xxu,eng,5
1939,gw,eng,3
1939,xxk,eng,3
1939,gw,ger,3
1939,fr,eng,2
1939,xx,eng,1
1939,enk,eng,1
1939,US,por,1
1939,xx,fre,1
1939,gb,eng,1
1940,gw,eng,5
1940,gw,ger,3
1940,xxu,eng,3
1940,xxk,eng,2
1940,fi,fre,2
1940,it,ned,2
1940,xx,eng,2
1940,CU,por,1
1940,us,eng,1
1940,gw,,1
1940,dk,eng,1
1941,gw,eng,4
1941,gw,,3
1941,gw,ger,2
1941,fr,fre,1
1941,xx,eng,1
1941,FR,por,1
1941,xx,,1
1941,xx,fre,1
1942,xxu,eng,8
1942,gw,eng,6
1942,us,eng,5
1942,gw,ger,3
1942,ZZ,,2
1942,xxk,eng,2
1942,ne,eng,1
1942,|,ger,1
1942,nl,eng,1
1942,xx,eng,1
1942,gw,,1
1942,mdu,eng,1
1943,gw,ger,3
1943,xxu,eng,2
1943,ZZ,,2
1943,xxk,eng,2
1943,enk,eng,1
1943,ne,eng,1
1943,xx,eng,1
1943,gw,eng,1
1944,xxu,eng,5
1944,gw,eng,5
1944,gb,eng,4
1944,xxk,eng,2
1944,GB,por,1
1944,fr,fre,1
1945,xxu,eng,4
1945,xxk,eng,3
1945,gw,ger,3
1945,gb,eng,3
1945,us,eng,3
1945,fr,fra,1
1945,fr,fre,1
1945,nl,eng,1
1945,gw,,1
1946,gb,eng,4
1946,xxk,eng,4
1946,gw,ger,3
1946,xxu,eng,3
1946,xx,eng,2
1946,us,eng,2
1946,ch,fre,1
1946,ch,fra,1
1946,US,por,1
1946,fr,fre,1
1947,xxu,eng,7
1947,xxk,eng,6
1947,gb,eng,4
1947,us,eng,3
1947,fr,fra,1
1947,gw,,1
1947,xx,,1
1947,pl,eng,1
1947,xx,eng,1
1948,xxu,eng,10
1948,xxk,eng,5
1948,us,eng,3
1948,gw,eng,3
1948,gw,ger,3
1948,BE,por,1
1948,xx,eng,1
1949,xxu,eng,9
1949,gw,ger,5
1949,xx,eng,2
1949,us,eng,2
1949,gw,,2
1949,fi,fin,1
1949,xxk,eng,1
1949,xx,,1
1949,PT,por,1
1949,pl,eng,1
1949,in,eng,1
1949,gb,eng,1
1949,fr,fra,1
1949,gw,fre,1
1949,gw,eng,1
1949,fr,mul,1
1949,nyu,eng,1
1950,gw,ger,10
1950,xxu,eng,9
1950,gw,eng,6
1950,xxk,eng,4
1950,gw,,4
1950,us,eng,3
1950,xx,ger,2
1950,nl,eng,2
1950,nl,ger,1
1950,DO,por,1
1950,fi,eng,1
1950,sw,eng,1
1950,ii,,1
1950,xx,zxx,1
1950,enk,eng,1
1950,FR,por,1
1950,dr,fre,1
1950,xx,,1
1950,dr,eng,1
1950,US,por,1
1951,xxu,eng,13
1951,gw,ger,7
1951,gw,eng,5
1951,gb,eng,5
1951,xxk,eng,3
1951,sw,eng,2
1951,ie,eng,1
1951,xx,,1
1951,xx,eng,1
1951,xx,fre,1
1951,ii,fre,1
1951,fi,fra,1
1951,gw,fre,1
1951,nyu,eng,1
1951,fr,fre,1
1951,gb,ned,1
1951,gr,eng,1
1951,us,eng,1
1951,DK,por,1
1952,gw,ger,10
1952,xxu,eng,6
1952,PT,por,5
1952,fi,eng,3
1952,us,eng,3
1952,bl,epo,2
1952,xxk,eng,1
1952,xxu,ger,1
1952,xx,eng,1
1952,ii,eng,1
1952,gb,eng,1
1952,fr,fre,1
1952,no,nor,1
1952,cau,eng,1
1952,sw,swe,1
1952,gw,eng,1
1953,xxu,eng,8
1953,xxk,eng,5
1953,gw,ger,3
1953,xx,,2
1953,gb,eng,2
1953,ZZ,,2
1953,us,eng,1
1953,fr,fre,1
1953,xx,eng,1
1953,ii,eng,1
1953,gw,eng,1
1953,FR,por,1
1953,in,eng,1
1953,xx,ger,1
1954,gw,ger,11
1954,xxk,eng,11
1954,xxu,eng,6
1954,fi,eng,3
1954,ne,eng,2
1954,gw,eng,2
1954,fr,fre,2
1954,gb,eng,2
1954,xx,eng,2
1954,nl,eng,2
1954,ZZ,,1
1954,sz,ger,1
1954,xxu,fre,1
1954,us,eng,1
1954,PT,por,1
1955,gw,ger,14
1955,xxu,eng,5
1955,xxk,eng,3
1955,be,fre,2
1955,gb,eng,2
1955,fr,fre,2
1955,xr,eng,1
1955,de,dui,1
1955,,eng,1
1955,xx,eng,1
1955,no#,eng,1
1955,jp,eng,1
1955,ii,fre,1
1956,xxu,eng,9
1956,gw,ger,6
1956,xxk,eng,6
1956,no,eng,3
1956,gw,eng,3
1956,xx,eng,2
1956,no#,eng,1
1956,gb,eng,1
1956,fr,fre,1
1956,vm,eng,1
1956,in,eng,1
1957,xxu,eng,5
1957,fr,fre,3
1957,xxk,eng,3
1957,gw,ger,2
1957,us,eng,2
1957,nl,eng,2
1957,gb,eng,2
1957,xx,ger,1
1957,PT,por,1
1957,xxc,eng,1
1957,xx,fre,1
1957,sz,ger,1
1957,gw,eng,1
1958,xxk,eng,13
1958,xxu,eng,9
1958,gw,eng,8
1958,us,eng,4
1958,gw,ger,4
1958,gb,eng,4
1958,be,fra,3
1958,sz,eng,3
1958,ne,eng,2
1958,nl,eng,1
1958,ch,dui,1
1958,fi,,1
1958,sz,ger,1
1958,ir,fra,1
1958,ne,fre,1
1958,be,ned,1
1958,be,eng,1
1958,xx,eng,1
1958,enk,eng,1
1958,ch,eng,1
1958,gw,fre,1
1958,no#,fre,1
1959,gw,ger,16
1959,xxu,eng,16
1959,xxk,eng,9
1959,gw,eng,5
1959,us,eng,5
1959,gb,eng,3
1959,sw,eng,3
1959,fr,fre,2
1959,xx,eng,2
1959,xx,,2
1959,fi,eng,2
1959,pl,eng,2
1959,ch,fra,1
1959,ge,ger,1
1959,de,ger,1
1959,zz,eng,1
1960,xxu,eng,26
1960,us,eng,13
1960,gw,ger,9
1960,gw,eng,9
1960,fi,eng,4
1960,xxk,eng,3
1960,PT,por,2
1960,fr,fre,2
1960,fr,fra,2
1960,xx,eng,2
1960,ne,eng,1
1960,de,ger,1
1960,pl,eng,1
1960,de,dui,1
1960,,eng,1
1960,gb,eng,1
1960,xxc,eng,1
1960,no#,fre,1
1960,sw,swe,1
1960,it,lat,1
1960,xx,fre,1
1961,gw,eng,12
1961,gw,ger,10
1961,xxu,eng,7
1961,fr,fre,6
1961,xxk,eng,4
1961,gb,eng,3
1961,ve,eng,2
1961,us,eng,2
1961,fr,fra,2
1961,it,eng,1
1961,it,ita,1
1961,at,eng,1
1961,fr,eng,1
1961,oo,mul,1
1961,au,eng,1
1962,xxu,eng,18
1962,gw,ger,16
1962,xxk,eng,10
1962,gw,eng,7
1962,us,eng,5
1962,gb,eng,3
1962,fi,eng,2
1962,xx,eng,2
1962,dk,eng,2
1962,at,eng,2
1962,ja,eng,1
1962,de,eng,1
1962,PT,por,1
1962,enk,eng,1
1962,in,eng,1
1962,fr,fre,1
1962,de,dui,1
1962,de,ger,1
1962,ag,eng,1
1962,is,eng,1
1963,xxu,eng,34
1963,gw,ger,18
1963,xxk,eng,12
1963,us,eng,10
1963,fr,fre,8
1963,xx,eng,5
1963,fi,eng,4
1963,gb,eng,4
1963,gw,eng,3
1963,PT,por,2
1963,nyu,eng,2
1963,US,por,2
1963,fi,ger,2
1963,xx,,2
1963,RO,por,1
1963,gh,eng,1
1963,gw,fre,1
1963,sz,ger,1
1963,ilu,eng,1
1963,mdu,eng,1
1963,xx,ger,1
1963,GB,por,1
1963,iq,eng,1
1963,ro,eng,1
1963,de,eng,1
1963,CA,por,1
1963,ne,eng,1
1963,dk,eng,1
1963,ii,eng,1
1963,nl,eng,1
1964,xxu,eng,15
1964,gw,eng,12
1964,gw,ger,11
1964,xxk,eng,11
1964,us,eng,6
1964,gw,fre,4
1964,fi,eng,3
1964,ne,eng,3
1964,pl,eng,2
1964,xx,eng,2
1964,nl,eng,2
1964,fr,fre,2
1964,sz,fre,1
1964,gb,eng,1
1964,nyu,eng,1
1964,ja,eng,1
1964,ncu,eng,1
1964,PT,por,1
1964,ch,eng,1
1965,gw,ger,19
1965,xxu,eng,17
1965,xxk,eng,15
1965,gw,eng,14
1965,fi,eng,6
1965,xx,eng,4
1965,us,eng,2
1965,gw,fre,2
1965,enk,eng,2
1965,xx,ger,2
1965,cau,eng,2
1965,nl,ned,1
1965,ilu,eng,1
1965,xx,,1
1965,xxu,fre,1
1965,fr,fre,1
1965,ch,eng,1
1965,gb,eng,1
1966,gw,ger,26
1966,xxk,eng,15
1966,xxu,eng,14
1966,gw,eng,8
1966,xx,eng,6
1966,us,eng,4
1966,gb,eng,4
1966,sz,ger,2
1966,sw,swe,2
1966,de,dui,2
1966,PT,por,1
1966,CA,por,1
1966,it,fre,1
1966,xx,ger,1
1966,no#,eng,1
1966,nyu,eng,1
1966,fr,fre,1
1966,xr,eng,1
1966,gw,fre,1
1966,pl,eng,1
1966,xx,,1
1966,enk,eng,1
1966,xxc,eng,1
1966,dk,eng,1
1967,gw,ger,21
1967,xxu,eng,18
1967,xxk,eng,15
1967,gw,eng,12
1967,gb,eng,8
1967,us,eng,8
1967,pl,eng,5
1967,xx,eng,5
1967,xx,,3
1967,sw,swe,2
1967,gw,fre,2
1967,zz,eng,2
1967,de,ger,2
1967,xx,ger,1
1967,US,por,1
1967,sw,eng,1
1967,,mis,1
1967,cc,fre,1
1967,xx,fre,1
1967,us,fra,1
1967,sz,eng,1
1967,sz,fre,1
1967,dk,eng,1
1967,enk,eng,1
1967,GB,por,1
1967,fr,fre,1
1967,fr,fra,1
1967,ca,eng,1
1967,us,mmm,1
1967,fi,eng,1
1968,gw,ger,36
1968,gw,eng,25
1968,xxu,eng,23
1968,us,eng,12
1968,xxk,eng,10
1968,xx,,6
1968,hu,eng,4
1968,xx,eng,4
1968,ne,eng,4
1968,gb,eng,3
1968,fr,fre,2
1968,no,zxx,2
1968,dk,eng,2
1968,fi,eng,2
1968,sz,eng,2
1968,au,ger,2
1968,xx,ger,2
1968,ch,eng,1
1968,ii,eng,1
1968,xxc,eng,1
1968,sw,eng,1
1968,xx,mul,1
1968,de,dui,1
1968,no,,1
1968,no#,swe,1
1968,nl,ned,1
1968,sz,ger,1
1969,gw,ger,34
1969,gw,eng,29
1969,xxu,eng,24
1969,xxk,eng,13
1969,us,eng,12
1969,fi,eng,6
1969,gb,eng,4
1969,xx,eng,4
1969,gw,fre,3
1969,sw,eng,3
1969,de,dui,2
1969,gw,,2
1969,ch,eng,2
1969,fr,zxx,1
1969,no#,eng,1
1969,dk,dan,1
1969,it,lat,1
1969,|,eng,1
1969,de,ger,1
1969,pl,eng,1
1969,in,eng,1
1969,US,por,1
1969,hu,eng,1
1969,dk,1969,1
1969,xx,,1
1969,fr,fre,1
1969,PT,por,1
1969,au,ger,1
1969,xr,eng,1
1969,sz,eng,1
1969,enk,eng,1
1969,ilu,eng,1
1969,nl,eng,1
1970,gw,ger,32
1970,gw,eng,30
1970,xxu,eng,19
1970,us,eng,11
1970,xxk,eng,9
1970,xx,,7
1970,fr,fre,5
1970,gb,eng,5
1970,xx,eng,5
1970,gw,fre,5
1970,fi,eng,4
1970,xx,ger,3
1970,dk,eng,3
1970,xx,fre,3
1970,ne,eng,2
1970,PT,por,2
1970,sw,eng,2
1970,dk,1970,2
1970,nl,eng,1
1970,xxc,eng,1
1970,enk,eng,1
1970,xr,ger,1
1970,de,dui,1
1970,pl,pol,1
1970,nl,ger,1
1970,de,eng,1
1970,ii,eng,1
1970,xr,fre,1
1970,sw,swe,1
1971,gw,eng,41
1971,gw,ger,34
1971,xxu,eng,27
1971,xxk,eng,13
1971,fi,eng,6
1971,sw,eng,5
1971,gb,eng,5
1971,ne,eng,5
1971,us,eng,3
1971,sw,swe,3
1971,fr,fre,3
1971,pl,eng,3
1971,ii,eng,3
1971,xx,,3
1971,xx,ger,2
1971,no,eng,2
1971,gw,fre,2
1971,sz,eng,2
1971,xx,eng,2
1971,sz,ger,1
1971,de,ger,1
1971,US,por,1
1971,de,dui,1
1971,zz,eng,1
1971,it,lat,1
1971,PT,por,1
1971,au,ger,1
1971,enk,eng,1
1971,gw,,1
1971,xxc,eng,1
1971,nl,ned,1
1971,de,eng,1
1972,gw,eng,57
1972,gw,ger,28
1972,xxu,eng,23
1972,xxk,eng,17
1972,gw,fre,8
1972,us,eng,7
1972,gb,eng,5
1972,xx,,4
1972,fi,eng,4
1972,PT,por,3
1972,xx,eng,3
1972,ne,eng,2
1972,hu,eng,2
1972,dk,1972,2
1972,xxc,eng,1
1972,|,,1
1972,dk,dan,1
1972,xx#,,1
1972,xr,eng,1
1972,pl,eng,1
1972,sz,ger,1
1972,xxu,zxx,1
1972,nl,eng,1
1972,xx,ger,1
1972,sa,eng,1
1972,dk,eng,1
1973,gw,eng,65
1973,gw,ger,34
1973,xxu,eng,20
1973,xxk,eng,18
1973,xxc,eng,9
1973,xx,eng,7
1973,ne,eng,6
1973,nl,eng,6
1973,gw,fre,5
1973,fi,eng,5
1973,xx,,5
1973,us,eng,4
1973,gb,eng,3
1973,PT,por,3
1973,sw,eng,3
1973,pl,eng,2
1973,nyu,eng,2
1973,xx,ger,2
1973,sz,eng,2
1973,fr,eng,2
1973,fr,fre,2
1973,|,,1
1973,us,zxx,1
1973,de,dui,1
1973,de,ger,1
1973,fr,...,1
1973,it,fre,1
1973,au,ger,1
1973,su,eng,1
1973,sw,swe,1
1973,xx,fre,1
1973,no#,eng,1
1973,pl,pol,1
1974,gw,eng,70
1974,gw,ger,32
1974,xxu,eng,22
1974,xxk,eng,10
1974,xx,,10
1974,ne,eng,10
1974,xx,eng,8
1974,us,eng,6
1974,nl,eng,6
1974,au,ger,4
1974,sz,eng,4
1974,xx,ger,4
1974,gw,fre,4
1974,fr,fre,4
1974,au,eng,3
1974,be,ned,2
1974,ii,eng,2
1974,,fra,2
1974,be,eng,1
1974,be,fra,1
1974,ne,pol,1
1974,sw,zxx,1
1974,at,eng,1
1974,ch,eng,1
1974,in,eng,1
1974,sa,eng,1
1974,,1974,1
1974,is,eng,1
1974,|,,1
1974,ru,fre,1
1974,de,ger,1
1974,gb,eng,1
1974,ne,,1
1974,xxk,,1
1974,at,dui,1
1974,nju,eng,1
1974,xx,fre,1
1974,ch,dui,1
1975,gw,eng,82
1975,gw,ger,40
1975,xxu,eng,25
1975,nl,eng,14
1975,xx,,12
1975,xxk,eng,12
1975,ne,eng,11
1975,xx,eng,8
1975,sw,eng,8
1975,us,eng,7
1975,xx,fre,5
1975,gb,eng,4
1975,gw,fre,3
1975,no#,eng,3
1975,fr,fre,3
1975,xr,eng,2
1975,ii,eng,2
1975,xx,ger,2
1975,|,eng,2
1975,lu,eng,2
1975,ng,eng,1
1975,ch,eng,1
1975,no,eng,1
1975,fr,...,1
1975,dk,eng,1
1975,ge,ger,1
1975,CY,por,1
1975,sz,eng,1
1975,fi,eng,1
1975,nl,ned,1
1975,de,dui,1
1975,de,ger,1
1975,enk,eng,1
1975,miu,eng,1
1975,be,ned,1
1975,ru,rus,1
1975,mw,eng,1
1975,no,nor,1
1975,sw,swe,1
1975,lu,fra,1
1976,gw,eng,88
1976,gw,ger,37
1976,xxu,eng,34
1976,xxk,eng,19
1976,xx,eng,10
1976,xx,,9
1976,gb,eng,7
1976,ii,eng,6
1976,us,eng,6
1976,fi,eng,3
1976,|,,3
1976,fr,fre,3
1976,gw,fre,2
1976,PT,por,2
1976,nl,eng,2
1976,xx,ger,1
1976,zz,eng,1
1976,dk,1976,1
1976,de,dui,1
1976,cs,eng,1
1976,nyu,eng,1
1976,it,fre,1
1976,SU,por,1
1976,xr,eng,1
1976,oo,eng,1
1976,be,eng,1
1976,pl,eng,1
1976,be,fra,1
1976,ch,eng,1
1976,sa,eng,1
1976,nl,ned,1
1976,xx,fre,1
1976,er,eng,1
1976,US,por,1
1976,de,eng,1
1976,ne,eng,1
1976,ic,1976,1
1976,be,dui,1
1977,gw,eng,93
1977,gw,ger,39
1977,xxu,eng,36
1977,us,eng,12
1977,xxk,eng,9
1977,ne,eng,7
1977,xx,,6
1977,gb,eng,6
1977,xx,eng,5
1977,nl,eng,5
1977,xx,ger,5
1977,fr,fre,4
1977,fi,eng,3
1977,sz,eng,3
1977,fi,fin,2
1977,sz,ger,2
1977,gw,fre,2
1977,be,eng,2
1977,ii,eng,2
1977,xxc,eng,1
1977,xx,fre,1
1977,nl,dui,1
1977,at,eng,1
1977,au,eng,1
1977,,ned,1
1977,ch,dui,1
1977,zz,eng,1
1977,dk,1977,1
1977,lu,eng,1
1977,xx,zxx,1
1977,mx,eng,1
1977,ge,ger,1
1977,FR,por,1
1977,pl,pol,1
1977,dk,dan,1
1978,gw,eng,112
1978,gw,ger,47
1978,xxu,eng,38
1978,xxk,eng,29
1978,xx,,13
1978,us,eng,12
1978,xx,eng,8
1978,fr,fre,7
1978,gb,eng,6
1978,xx,ger,4
1978,nl,eng,4
1978,ne,eng,4
1978,pl,eng,4
1978,fr,eng,3
1978,dk,1978,3
1978,ic,1978,3
1978,be,eng,2
1978,sw,eng,2
1978,gw,fre,2
1978,nl,ned,2
1978,pl,pol,1
1978,,eng,1
1978,lu,1978,1
1978,enk,eng,1
1978,dk,eng,1
1978,ai,eng,1
1978,au,ger,1
1978,gw,,1
1978,BE,por,1
1978,nyu,eng,1
1978,|,eng,1
1979,gw,eng,80
1979,gw,ger,47
1979,xxu,eng,32
1979,us,eng,18
1979,xxk,eng,16
1979,xx,,12
1979,xx,ger,11
1979,xx,eng,11
1979,nl,eng,6
1979,fr,fre,5
1979,dk,1979,5
1979,ne,eng,4
1979,gb,eng,4
1979,gw,fre,4
1979,fi,eng,3
1979,xx,fre,3
1979,dk,eng,2
1979,sz,ger,2
1979,sw,eng,1
1979,zz,eng,1
1979,nju,eng,1
1979,bl,eng,1
1979,au,ger,1
1979,xxc,eng,1
1979,dcu,eng,1
1979,be,fre,1
1979,de,ger,1
1979,be,fra,1
1979,sa,eng,1
1979,ohu,eng,1
1979,|,eng,1
1980,gw,eng,138
1980,gw,ger,64
1980,xxu,eng,35
1980,xxk,eng,18
1980,us,eng,14
1980,xx,ger,12
1980,xx,,11
1980,dk,1980,10
1980,xx,eng,7
1980,no,eng,7
1980,de,eng,5
1980,de,dui,5
1980,nl,eng,4
1980,gb,eng,4
1980,fi,eng,3
1980,xxc,eng,3
1980,xr,fre,2
1980,PT,por,2
1980,fr,fre,1
1980,dz,fre,1
1980,oo,ger,1
1980,in,eng,1
1980,zz,eng,1
1980,sa,eng,1
1980,au,ger,1
1980,nl,ned,1
1980,us,mmm,1
1980,xx,fre,1
1980,sw,eng,1
1980,de,ger,1
1980,jp,eng,1
1980,ii,eng,1
1980,nl,dui,1
1980,su,eng,1
1980,sw,swe,1
1980,,1980,1
1980,ja,mul,1
1980,dk,eng,1
1981,gw,eng,135
1981,gw,ger,65
1981,xxu,eng,44
1981,xxk,eng,28
1981,us,eng,15
1981,xx,eng,13
1981,dk,1981,11
1981,xx,,9
1981,sw,eng,9
1981,de,dui,6
1981,ne,eng,5
1981,fi,eng,4
1981,gb,eng,4
1981,xx,ger,4
1981,no,eng,4
1981,fr,fre,4
1981,nl,eng,4
1981,de,ger,2
1981,gw,,2
1981,gw,fre,2
1981,pl,eng,2
1981,it,eng,1
1981,|,,1
1981,xxc,eng,1
1981,US,por,1
1981,sz,eng,1
1981,au,ger,1
1981,fi,swe,1
1981,ii,eng,1
1981,gb,1981,1
1981,nyu,eng,1
1981,ge,ger,1
1981,be,fra,1
1981,sz,ger,1
1981,ch,dui,1
1981,er,eng,1
1981,zz,eng,1
1981,au,eng,1
1982,gw,eng,201
1982,gw,ger,91
1982,xxu,eng,33
1982,us,eng,22
1982,xx,,22
1982,xx,ger,15
1982,xxk,eng,14
1982,fi,eng,13
1982,xx,eng,13
1982,dk,1982,11
1982,gb,eng,8
1982,ne,eng,8
1982,no,eng,8
1982,sw,eng,8
1982,nl,eng,7
1982,fr,fre,4
1982,xr,eng,4
1982,au,ger,4
1982,at,eng,4
1982,fi,fre,3
1982,gw,fre,3
1982,zz,eng,2
1982,de,dui,2
1982,lh,eng,2
1982,pl,eng,2
1982,si,eng,2
1982,de,eng,1
1982,PT,por,1
1982,sz,eng,1
1982,ch,eng,1
1982,oo,eng,1
1982,cs,eng,1
1982,at,mul,1
1982,de,ger,1
1982,mau,eng,1
1982,au,eng,1
1982,dk,eng,1
1982,,1982,1
1982,enk,eng,1
1982,sw,,1
1983,gw,eng,149
1983,gw,ger,84
1983,xxu,eng,46
1983,xx,,22
1983,dk,1983,19
1983,xxk,eng,19
1983,us,eng,18
1983,ne,eng,17
1983,nl,eng,14
1983,xx,eng,11
1983,sw,eng,11
1983,xx,ger,6
1983,gb,eng,6
1983,fr,fre,4
1983,de,dui,4
1983,no,eng,3
1983,au,ger,3
1983,pl,eng,3
1983,xx,fre,2
1983,sz,ger,2
1983,PT,por,2
1983,enk,eng,2
1983,no#,eng,2
1983,gw,fre,2
1983,xr,eng,2
1983,de,ger,2
1983,zz,eng,1
1983,gw,zxx,1
1983,ge,zxx,1
1983,us,fro,1
1983,de,eng,1
1983,,eng,1
1983,fr,eng,1
1983,|||,,1
1983,ku,ger,1
1983,xr,cze,1
1983,ie,eng,1
1983,at,dui,1
1983,ja,eng,1
1983,xx,dan,1
1983,nyu,eng,1
1983,au,eng,1
1983,dk,eng,1
1984,gw,eng,233
1984,gw,ger,80
1984,xxu,eng,49
1984,xxk,eng,31
1984,us,eng,24
1984,xx,,22
1984,xx,eng,19
1984,nl,eng,16
1984,gb,eng,13
1984,xx,ger,11
1984,sw,eng,10
1984,ne,eng,10
1984,dk,1984,8
1984,fi,eng,7
1984,de,dui,6
1984,gw,fre,4
1984,ic,eng,3
1984,no,eng,3
1984,sw,swe,2
1984,ie,eng,2
1984,au,eng,2
1984,ja,eng,2
1984,fr,fre,2
1984,,eng,1
1984,,1984,1
1984,se,eng,1
1984,dk,eng,1
1984,be,fra,1
1984,de,eng,1
1984,zz,eng,1
1984,ii,fre,1
1984,fr,mmm,1
1984,ch,eng,1
1984,ii,eng,1
1984,PT,por,1
1984,|,fre,1
1984,de,ger,1
1984,enk,eng,1
1984,xxu,fre,1
1984,at,eng,1
1985,gw,eng,236
1985,gw,ger,97
1985,xxu,eng,41
1985,xxk,eng,40
1985,us,eng,20
1985,xx,,17
1985,gb,eng,14
1985,nl,eng,13
1985,dk,1985,13
1985,fr,fre,13
1985,xx,ger,12
1985,xx,eng,11
1985,sw,eng,9
1985,de,dui,7
1985,no,eng,5
1985,ne,eng,4
1985,enk,eng,3
1985,zz,eng,3
1985,fi,eng,3
1985,ja,eng,3
1985,eu,eng,2
1985,pl,eng,2
1985,sz,eng,2
1985,ii,fre,2
1985,fr,eng,2
1985,us,onb,1
1985,dk,,1
1985,ge,ger,1
1985,xxc,eng,1
1985,dk,mmm,1
1985,PT,por,1
1985,au,eng,1
1985,gw,fre,1
1985,fr,zxx,1
1985,fi,fre,1
1985,fi,,1
1985,xr,cze,1
1985,sw,swe,1
1985,xr,eng,1
1985,fi,swe,1
1985,gw,rus,1
1985,xxu,swe,1
1985,no#,eng,1
1985,ch,eng,1
1985,de,ger,1
1986,gw,eng,208
1986,gw,ger,71
1986,fr,fre,44
1986,xxu,eng,40
1986,xxk,eng,22
1986,us,eng,20
1986,nl,eng,17
1986,gb,eng,16
1986,xx,,14
1986,xx,ger,13
1986,xx,eng,12
1986,dk,1986,9
1986,sw,eng,8
1986,ne,eng,8
1986,no,eng,6
1986,fi,eng,6
1986,gw,fre,5
1986,au,ger,4
1986,pl,eng,3
1986,sz,eng,3
1986,de,dui,3
1986,PT,por,2
1986,xr,cze,2
1986,in,eng,2
1986,no#,eng,2
1986,de,ger,2
1986,it,eng,2
1986,dk,eng,2
1986,er,eng,1
1986,ii,fre,1
1986,xr,eng,1
1986,de,eng,1
1986,ca,fre,1
1986,ch,fra,1
1986,ru,eng,1
1986,sw,swe,1
1986,xxk,,1
1986,no,,1
1986,cs,dui,1
1986,dz,fre,1
1986,us,1986,1
1986,fi,swe,1
1986,zz,eng,1
1986,za,eng,1
1986,zz,mmm,1
1987,gw,eng,275
1987,gw,ger,96
1987,xxu,eng,56
1987,fr,fre,56
1987,us,eng,38
1987,xxk,eng,28
1987,xx,,25
1987,nl,eng,20
1987,ne,eng,18
1987,xx,eng,16
1987,sw,eng,15
1987,gb,eng,13
1987,xx,ger,13
1987,dk,1987,9
1987,no,eng,5
1987,fi,eng,5
1987,de,ger,5
1987,sz,eng,5
1987,de,dui,5
1987,in,eng,4
1987,pl,eng,3
1987,dk,eng,3
1987,de,eng,2
1987,au,ger,2
1987,ii,mul,1
1987,eu,eng,1
1987,sw,swe,1
1987,zz,eng,1
1987,ii,fre,1
1987,at,ger,1
1987,fr,eng,1
1987,be,fre,1
1987,oo,mmm,1
1987,ie,eng,1
1987,ja,eng,1
1987,enk,eng,1
1987,ca,eng,1
1987,it,eng,1
1987,xr,cze,1
1987,hk,1987,1
1987,ca,mmm,1
1987,us,onb,1
1987,ca,mul,1
1987,no,1987,1
1987,fr,mul,1
1987,GB,por,1
1987,fi,swe,1
1987,xr,mul,1
1988,gw,eng,247
1988,gw,ger,83
1988,fr,fre,72
1988,xxu,eng,64
1988,us,eng,54
1988,xxk,eng,38
1988,nl,eng,26
1988,xx,eng,23
1988,xx,,21
1988,gb,eng,18
1988,fi,eng,18
1988,xx,ger,14
1988,sw,eng,12
1988,dk,1988,8
1988,ne,eng,7
1988,sz,ger,6
1988,si,eng,5
1988,de,eng,5
1988,zz,eng,4
1988,ii,eng,4
1988,de,dui,4
1988,gw,fre,3
1988,enk,eng,3
1988,er,eng,3
1988,de,ger,3
1988,ch,eng,3
1988,fr,eng,2
1988,no,eng,2
1988,pl,eng,2
1988,cl,eng,2
1988,sz,eng,2
1988,gb,1988,2
1988,jp,eng,1
1988,|,fre,1
1988,gw,,1
1988,ro,eng,1
1988,ch,dui,1
1988,nyu,eng,1
1988,au,ger,1
1988,sw,swe,1
1988,,fra,1
1988,xxc,eng,1
1988,,ned,1
1988,no#,eng,1
1988,nju,eng,1
1988,pl,pol,1
1988,wb,eng,1
1988,ii,fre,1
1988,in,eng,1
1988,de,ara,1
1989,gw,eng,323
1989,gw,ger,117
1989,xxu,eng,57
1989,xxk,eng,52
1989,fr,fre,41
1989,xx,eng,40
1989,us,eng,34
1989,gb,eng,31
1989,xx,,26
1989,nl,eng,22
1989,sw,eng,13
1989,ne,eng,12
1989,dk,1989,12
1989,fi,eng,8
1989,de,ger,8
1989,xx,ger,7
1989,no,eng,6
1989,de,eng,4
1989,sz,ger,4
1989,xxc,eng,3
1989,it,eng,3
1989,enk,eng,2
1989,gw,fre,2
1989,sz,fre,2
1989,fr,eng,2
1989,PT,por,2
1989,  ,eng,2
1989,ii,fre,2
1989,de,mmm,2
1989,fi,fin,2
1989,at,eng,2
1989,fr,zxx,2
1989,au,eng,2
1989,de,dui,2
1989,at,lat,2
1989,ca,mul,1
1989,ch,mmm,1
1989,de,ita,1
1989,cl,eng,1
1989,gw,,1
1989,pl,eng,1
1989,fr,mul,1
1989,ii,eng,1
1989,ca,eng,1
1989,pl,fre,1
1989,er,eng,1
1989,us,zxx,1
1989,zz,eng,1
1989,gr,eng,1
1989,ncu,eng,1
1989,xr,eng,1
1989,de,zxx,1
1989,gb,zxx,1
1990,gw,eng,310
1990,gw,ger,101
1990,xxu,eng,36
1990,us,eng,31
1990,xx,,30
1990,xxk,eng,30
1990,xx,eng,28
1990,nl,eng,27
1990,gb,eng,23
1990,xx,ger,17
1990,fr,fre,13
1990,ne,eng,12
1990,fi,eng,10
1990,dk,1990,9
1990,fr,eng,9
1990,no,eng,8
1990,pl,eng,7
1990,sw,eng,5
1990,gw,fre,4
1990,de,dui,3
1990,ii,fre,3
1990,xr,eng,2
1990,sa,eng,2
1990,au,ger,2
1990,enk,eng,2
1990,de,ger,2
1990,sz,ger,2
1990,si,eng,2
1990,at,ger,2
1990,IT,por,1
1990,no,nob,1
1990,xx,1990,1
1990,be,eng,1
1990,nju,eng,1
1990,ii,eng,1
1990,xxu,ger,1
1990,sw,,1
1990,gb,fra,1
1990,gr,mmm,1
1990,DE,por,1
1990,ja,ger,1
1990,gb,1990,1
1990,PT,por,1
1990,fr,mmm,1
1990,no,fre,1
1990,gb,mmm,1
1990,in,eng,1
1990,,eng,1
1990,at,dui,1
1990,de,eng,1
1991,gw,eng,315
1991,gw,ger,122
1991,xxu,eng,47
1991,xxk,eng,45
1991,us,eng,37
1991,nl,eng,33
1991,fi,eng,20
1991,xx,,19
1991,xx,eng,18
1991,gb,eng,17
1991,fr,fre,14
1991,sw,eng,11
1991,ne,eng,10
1991,dk,1991,8
1991,no,eng,8
1991,sz,ger,6
1991,xx,ger,6
1991,zz,eng,5
1991,pl,eng,5
1991,de,eng,4
1991,de,dui,4
1991,si,eng,3
1991,no#,eng,3
1991,au,ger,2
1991,gb,1991,2
1991,ch,eng,2
1991,de,ger,2
1991,ii,eng,2
1991,fr,eng,2
1991,fi,fin,2
1991,dk,eng,2
1991,it,eng,1
1991,yu,eng,1
1991,sa,eng,1
1991,GB,por,1
1991,fj,eng,1
1991,xr,eng,1
1991,nl,ned,1
1991,xx,fre,1
1991,lv,rus,1
1991,sg,eng,1
1991,sw,swe,1
1991,FR,por,1
1991,enk,eng,1
1991,pl,pol,1
1991,  ,eng,1
1991,ii,fre,1
1991,PT,por,1
1991,gw,,1
1991,no,1991,1
1991,my,eng,1
1991,nyu,eng,1
1991,at,ger,1
1991,cau,eng,1
1991,xxc,eng,1
1991,,1991,1
1991,au,eng,1
1991,fr,mul,1
1991,sz,eng,1
1992,gw,eng,377
1992,gw,ger,127
1992,nl,eng,54
1992,xx,,37
1992,us,eng,37
1992,xxk,eng,31
1992,xxu,eng,30
1992,gb,eng,26
1992,ne,eng,20
1992,xx,eng,19
1992,sw,eng,15
1992,fr,fre,12
1992,no,eng,9
1992,zz,eng,8
1992,fi,eng,6
1992,ii,eng,5
1992,dk,1992,5
1992,de,eng,5
1992,xx,ger,4
1992,au,ger,3
1992,fi,fin,3
1992,de,dui,3
1992,ii,fre,3
1992,enk,eng,3
1992,pl,eng,3
1992,lu,eng,2
1992,ch,eng,2
1992,sg,eng,2
1992,de,ger,2
1992,gb,1992,2
1992,sz,eng,2
1992,in,eng,2
1992,no,1992,2
1992,it,mul,2
1992,no#,eng,2
1992,xxc,eng,2
1992,dz,fre,1
1992,xr,eng,1
1992,pl,pol,1
1992,xx,fre,1
1992,de,1992,1
1992,ca,eng,1
1992,nl,dui,1
1992,sw,swe,1
1992,nl,ger,1
1992,re,fre,1
1992,fr,eng,1
1992,be,eng,1
1992,au,eng,1
1992,it,eng,1
1992,PL,por,1
1992,gw,fre,1
1992,xx#,eng,1
1992,er,eng,1
1992,nl,ned,1
1992,fr,mmm,1
1992,xxu,fre,1
1992,at,ger,1
1992,LU,por,1
1993,gw,eng,396
1993,gw,ger,130
1993,us,eng,42
1993,nl,eng,41
1993,xxu,eng,40
1993,xxk,eng,29
1993,xx,,29
1993,gb,eng,21
1993,sw,eng,21
1993,fr,fre,17
1993,xx,eng,14
1993,fi,eng,10
1993,ne,eng,7
1993,no,eng,6
1993,xx,ger,5
1993,dk,1993,5
1993,zz,eng,4
1993,enk,eng,3
1993,de,ger,3
1993,no#,eng,3
1993,hu,eng,3
1993,si,eng,2
1993,fi,fin,2
1993,au,ger,2
1993,eu,eng,2
1993,sz,eng,2
1993,de,eng,2
1993,fr,eng,2
1993,pl,eng,2
1993,sz,ger,2
1993,it,eng,2
1993,PT,por,2
1993,no#,mul,1
1993,nl,ned,1
1993,de,dui,1
1993,US,por,1
1993,fr,...,1
1993,gw,,1
1993,us,mmm,1
1993,rm,rum,1
1993,de,fre,1
1993,sw,swe,1
1993,xr,eng,1
1993,jp,eng,1
1993,se,eng,1
1993,ii,fre,1
1993,fr,mul,1
1993,fr,mmm,1
1993,ch,eng,1
1993,sg,eng,1
1993,ca,fre,1
1993,ii,eng,1
1994,gw,eng,387
1994,gw,ger,142
1994,xxu,eng,59
1994,xx,,43
1994,us,eng,42
1994,nl,eng,38
1994,xxk,eng,34
1994,sw,eng,25
1994,gb,eng,21
1994,xx,eng,20
1994,fi,eng,16
1994,no,eng,11
1994,xx,ger,11
1994,fr,fre,10
1994,dk,1994,9
1994,ne,eng,9
1994,no#,eng,6
1994,gw,fre,5
1994,pl,eng,5
1994,enk,eng,4
1994,zz,eng,4
1994,de,eng,4
1994,sz,eng,3
1994,IT,por,3
1994,fr,eng,3
1994,nyu,eng,3
1994,ii,fre,2
1994,de,ger,2
1994,de,dui,2
1994,nl,ned,2
1994,lu,eng,2
1994,PT,por,2
1994,se,eng,2
1994,US,por,2
1994,at,eng,2
1994,sw,swe,2
1994,us,1994,1
1994,zz,mul,1
1994,gb,1994,1
1994,nl,fra,1
1994,it,eng,1
1994,ja,eng,1
1994,us,mul,1
1994,at,ger,1
1994,sw,ger,1
1994,ii,eng,1
1994,nl,,1
1994,au,eng,1
1994,eu,eng,1
1994,ctu,eng,1
1994,si,eng,1
1994,xxc,eng,1
1994,au,ger,1
1994,xxu,,1
1994,dk,dan,1
1994,sg,eng,1
1994,cau,eng,1
1994,de,mmm,1
1994,is,eng,1
1994,sw,mul,1
1994,ne,fre,1
1994,ch,eng,1
1994,jp,eng,1
1994,LU,por,1
1994,ca,fre,1
1995,gw,eng,456
1995,gw,ger,131
1995,nl,eng,52
1995,xxu,eng,37
1995,xxk,eng,36
1995,xx,,35
1995,xx,eng,28
1995,pl,eng,25
1995,sw,eng,22
1995,us,eng,21
1995,fi,eng,14
1995,gb,eng,12
1995,fr,fre,11
1995,ne,eng,9
1995,ii,fre,7
1995,dk,1995,6
1995,no,eng,5
1995,er,eng,5
1995,de,eng,5
1995,gw,fre,5
1995,xx,ger,4
1995,au,eng,3
1995,no#,eng,3
1995,lu,eng,3
1995,xx,zxx,2
1995,rm,eng,2
1995,nl,ned,2
1995,sz,ger,2
1995,enk,eng,2
1995,fi,fin,2
1995,mau,eng,2
1995,de,ger,2
1995,si,eng,2
1995,lu,fre,1
1995,sw,swe,1
1995,it,ita,1
1995,pl,zxx,1
1995,sg,eng,1
1995,it,eng,1
1995,xxu,,1
1995,de,fre,1
1995,GB,por,1
1995,sz,eng,1
1995,pl,pol,1
1995,fr,fra,1
1995,  ,eng,1
1995,at,eng,1
1995,ke,eng,1
1995,US,por,1
1995,FR,por,1
1995,de,dui,1
1995,eu,eng,1
1996,gw,eng,507
1996,gw,ger,133
1996,xxk,eng,53
1996,xxu,eng,48
1996,nl,eng,45
1996,xx,,42
1996,xx,eng,38
1996,gb,eng,34
1996,fi,eng,27
1996,us,eng,22
1996,pl,eng,19
1996,sw,eng,12
1996,xx,ger,12
1996,dk,1996,9
1996,fr,fre,9
1996,de,eng,8
1996,au,ger,6
1996,enk,eng,6
1996,ne,eng,5
1996,de,ger,5
1996,fr,eng,5
1996,pl,fre,3
1996,fi,fin,3
1996,ii,eng,3
1996,sz,ger,3
1996,no,eng,3
1996,sg,eng,2
1996,no#,eng,2
1996,ii,fre,2
1996,  ,eng,2
1996,lu,fre,2
1996,lu,eng,2
1996,eu,eng,2
1996,nl,dui,2
1996,,eng,2
1996,pl,pol,2
1996,au,eng,2
1996,at,ger,1
1996,sw,fre,1
1996,ZZ,fre,1
1996,cn,eng,1
1996,ZZ,eng,1
1996,si,eng,1
1996,nl,ned,1
1996,dk,eng,1
1996,ne,fre,1
1996,sw,mul,1
1996,xv,eng,1
1996,sw,swe,1
1996,it,eng,1
1996,|,eng,1
1996,sw,ger,1
1996,gw,,1
1996,se,eng,1
1996,gw,fre,1
1996,pl,ger,1
1996,hu,eng,1
1996,DE,por,1
1996,at,mul,1
1996,ru,,1
1996,jp,eng,1
1996,ne,ger,1
1997,gw,eng,483
1997,gw,ger,122
1997,xxk,eng,56
1997,xx,,55
1997,xxu,eng,50
1997,nl,eng,46
1997,xx,eng,44
1997,us,eng,33
1997,sw,eng,32
1997,gb,eng,29
1997,pl,eng,20
1997,fi,eng,15
1997,dk,1997,10
1997,de,eng,9
1997,xx,ger,6
1997,eu,eng,6
1997,ne,eng,6
1997,dk,eng,6
1997,sz,eng,5
1997,fr,fre,5
1997,sw,swe,4
1997,enk,eng,4
1997,nyu,eng,4
1997,dk,dan,3
1997,fi,fin,3
1997,xo,eng,3
1997,er,eng,3
1997,zz,eng,2
1997,in,eng,2
1997,nl,ned,2
1997,pl,pol,2
1997,ii,fre,2
1997,no#,eng,2
1997,ii,eng,2
1997,de,ger,2
1997,GB,por,1
1997,se,1997,1
1997,fi,,1
1997,  ,eng,1
1997,si,eng,1
1997,no,eng,1
1997,de,1997,1
1997,se,swe,1
1997,at,eng,1
1997,au,ger,1
1997,se,zwe,1
1997,jp,eng,1
1997,|,ger,1
1997,xx,swe,1
1997,be,eng,1
1997,PT,por,1
1997,ch,eng,1
1997,US,por,1
1997,xx,1997,1
1997,sg,eng,1
1997,gw,,1
1997,de,dui,1
1997,ja,eng,1
1997,sw,chi,1
1997,pl,ger,1
1997,sw,pol,1
1997,ctu,eng,1
1997,sw,hun,1
1997,fr,,1
1997,gw,fre,1
1998,gw,eng,478
1998,gw,ger,124
1998,xx,,56
1998,nl,eng,54
1998,xxk,eng,53
1998,xxu,eng,50
1998,pl,eng,35
1998,gb,eng,34
1998,xx,eng,34
1998,sw,eng,33
1998,us,eng,27
1998,fi,eng,27
1998,no,eng,13
1998,de,eng,10
1998,ne,eng,8
1998,sw,swe,8
1998,enk,eng,7
1998,fr,eng,6
1998,zz,eng,5
1998,au,ger,4
1998,de,dui,4
1998,dk,1998,4
1998,dk,eng,3
1998,de,ger,3
1998,fr,fre,3
1998,xr,eng,3
1998,in,eng,2
1998,it,eng,2
1998,eu,eng,2
1998,se,1998,2
1998,PT,por,2
1998,no#,eng,2
1998,sz,eng,2
1998,fi,fin,2
1998,er,eng,2
1998,us,fre,1
1998,gw,,1
1998,at,dui,1
1998,sz,ger,1
1998,sa,eng,1
1998,mau,eng,1
1998,vc,eng,1
1998,|,ger,1
1998,13,,1
1998,xx,ger,1
1998,nyu,eng,1
1998,US,por,1
1998,pl,pol,1
1998,lu,eng,1
1998,dcu,eng,1
1998,au,eng,1
1998,be,eng,1
1998,fr,...,1
1998,xxu,,1
1998,be,fre,1
1998,xxk,,1
1998,|||,,1
1998,xx,fre,1
1998,ru,eng,1
1998,ja,eng,1
1998,gb,zxx,1
1998,ng,eng,1
1999,gw,eng,487
1999,gw,ger,138
1999,xxu,eng,58
1999,nl,eng,58
1999,xxk,eng,48
1999,xx,,42
1999,us,eng,39
1999,sw,eng,38
1999,fi,eng,37
1999,gb,eng,35
1999,pl,eng,34
1999,xx,eng,31
1999,dk,1999,15
1999,ne,eng,11
1999,fr,fre,9
1999,de,eng,7
1999,enk,eng,6
1999,no#,eng,6
1999,no,eng,5
1999,sw,swe,5
1999,de,ger,4
1999,zz,eng,4
1999,fi,swe,3
1999,sz,ger,3
1999,be,eng,2
1999,fr,eng,2
1999,sz,eng,2
1999,xxu,,2
1999,xx,ger,2
1999,lu,eng,2
1999,pl,pol,2
1999,us,1999,1
1999,gh,eng,1
1999,ch,eng,1
1999,xxu,ger,1
1999,ja,eng,1
1999,xxk,,1
1999,de,dui,1
1999,fi,fin,1
1999,eu,eng,1
1999,si,eng,1
1999,at,ger,1
1999,sa,eng,1
1999,ii,eng,1
1999,au,ger,1
1999,GB,por,1
1999,ch,ger,1
1999,xr,zxx,1
1999,it,eng,1
1999,nyu,eng,1
1999,hu,eng,1
1999,eu,zxx,1
1999,mc,fre,1
1999,at,eng,1
1999,PT,por,1
1999,bg,ger,1
2000,gw,eng,580
2000,gw,ger,153
2000,xx,,66
2000,xxk,eng,66
2000,xxu,eng,60
2000,nl,eng,53
2000,sw,eng,45
2000,us,eng,40
2000,fi,eng,36
2000,xx,eng,34
2000,pl,eng,32
2000,gb,eng,31
2000,dk,2000,15
2000,enk,eng,11
2000,fr,fre,8
2000,dk,eng,7
2000,no,eng,7
2000,no#,eng,7
2000,ne,eng,6
2000,fr,eng,6
2000,lu,eng,5
2000,pl,pol,5
2000,nyu,eng,4
2000,sw,swe,4
2000,de,eng,3
2000,sz,ger,3
2000,mau,eng,3
2000,de,ger,3
2000,fi,fin,3
2000,ru,eng,2
2000,xr,eng,2
2000,xx,ger,2
2000,PT,por,2
2000,gb,mul,2
2000,zz,eng,2
2000,at,eng,2
2000,xx,2000,1
2000,no,zxx,1
2000,pl,fre,1
2000,cc,eng,1
2000,er,ger,1
2000,ii,eng,1
2000,au,ger,1
2000,xxc,eng,1
2000,bl,eng,1
2000,in,eng,1
2000,fr,,1
2000,sz,eng,1
2000,it,eng,1
2000,dk,dan,1
2000,dk,mis,1
2000,xxc,mul,1
2000,gw,fre,1
2000,fr,mul,1
2000,gw,,1
2001,gw,eng,797
2001,gw,ger,185
2001,xx,,73
2001,xxu,eng,53
2001,xxk,eng,47
2001,nl,eng,40
2001,sw,eng,37
2001,xx,eng,37
2001,us,eng,36
2001,pl,eng,35
2001,fi,eng,31
2001,gb,eng,28
2001,dk,2001,12
2001,fr,fre,9
2001,de,eng,8
2001,ne,eng,7
2001,enk,eng,6
2001,sz,eng,5
2001,xx,ger,3
2001,no,eng,3
2001,au,eng,3
2001,no#,eng,2
2001,nl,ned,2
2001,sw,swe,2
2001,er,eng,2
2001,zz,eng,2
2001,gw,,2
2001,sz,ger,2
2001,mau,eng,2
2001,fr,zxx,2
2001,at,eng,2
2001,pl,pol,2
2001,xxk,swe,1
2001,fi,fin,1
2001,gb,2001,1
2001,mdu,eng,1
2001,eu,zxx,1
2001,fi,2001,1
2001,fi,swe,1
2001,dk,dan,1
2001,no#,,1
2001,14,,1
2001,fr,mul,1
2001,xxc,eng,1
2001,dcu,eng,1
2001,jp,eng,1
2001,si,eng,1
2001,de,zxx,1
2001,eu,fre,1
2001,de,ger,1
2001,er,ger,1
2001,ctu,eng,1
2001,my,eng,1
2001,lu,eng,1
2001,GB,por,1
2001,eu,mmm,1
2001,nyu,eng,1
2001,,fra,1
2001,,eng,1
2001,xx,swe,1
2002,gw,eng,764
2002,gw,ger,167
2002,xx,,57
2002,xxu,eng,54
2002,nl,eng,48
2002,sw,eng,47
2002,pl,eng,42
2002,xx,eng,38
2002,xxk,eng,35
2002,fi,eng,35
2002,us,eng,32
2002,gb,eng,26
2002,dk,2002,21
2002,ne,eng,15
2002,de,eng,10
2002,fr,fre,7
2002,enk,eng,6
2002,er,eng,6
2002,de,ger,5
2002,sw,swe,5
2002,sz,eng,5
2002,sz,ger,4
2002,nyu,eng,4
2002,no#,eng,4
2002,ch,eng,4
2002,fr,eng,4
2002,be,eng,4
2002,fi,fin,3
2002,mau,eng,3
2002,no,eng,3
2002,xr,eng,2
2002,xx,2002,2
2002,nl,ned,2
2002,au,ger,2
2002,cau,eng,2
2002,ii,eng,2
2002,sg,eng,1
2002,si,eng,1
2002,se,eng,1
2002,jp,mul,1
2002,au,eng,1
2002,it,eng,1
2002,uuu,eng,1
2002,de,dui,1
2002,jp,eng,1
2002,pau,eng,1
2002,ru,eng,1
2002,nju,eng,1
2002,ca,eng,1
2002,fr,zxx,1
2002,no,mul,1
2002,NL,por,1
2002,fr,mul,1
2002,gb,2002,1
2002,th,eng,1
2002,xx,ger,1
2002,|,eng,1
2002,lu,eng,1
2002,fi,swe,1
2002,dcu,eng,1
2002,PT,por,1
2002,fr,,1
2002,dk,eng,1
2002,de,mul,1
2002,pl,pol,1
2002,xxc,eng,1
2002,hu,eng,1
2002,06,,1
2002,ke,eng,1
2003,gw,eng,899
2003,gw,ger,172
2003,xx,,79
2003,xxu,eng,62
2003,xxk,eng,55
2003,nl,eng,51
2003,pl,eng,49
2003,sw,eng,47
2003,xx,eng,41
2003,us,eng,38
2003,gb,eng,28
2003,fi,eng,18
2003,de,eng,11
2003,ne,eng,11
2003,enk,eng,9
2003,mau,eng,7
2003,dk,2003,6
2003,sz,eng,4
2003,sw,swe,4
2003,fi,fin,4
2003,au,ger,4
2003,fr,mul,3
2003,nju,eng,3
2003,nyu,eng,3
2003,nl,ned,3
2003,fr,fre,2
2003,no#,eng,2
2003,sz,fre,2
2003,fr,eng,2
2003,mx,eng,2
2003,in,eng,2
2003,no,eng,2
2003,de,ger,2
2003,cau,eng,2
2003,be,eng,2
2003,ch,eng,2
2003,xr,eng,2
2003,de,ita,1
2003,fr,,1
2003,an,eng,1
2003,de,mul,1
2003,au,eng,1
2003,gw,,1
2003,us,2003,1
2003,fr,mmm,1
2003,gb,2003,1
2003,vau,eng,1
2003,us,mul,1
2003,pl,pol,1
2003,lu,eng,1
2003,zz,eng,1
2003,pau,eng,1
2003,xxu,swe,1
2003,ohu,eng,1
2003,it,eng,1
2003,sz,ger,1
2003,nl,jap,1
2003,si,eng,1
2003,,2003,1
2003,at,eng,1
2003,xx,2003,1
2003,xxu,,1
2003,ii,fre,1
2003,nl,fra,1
2004,gw,eng,1058
2004,gw,ger,194
2004,xx,,85
2004,sw,eng,62
2004,xxu,eng,54
2004,pl,eng,53
2004,xxk,eng,41
2004,us,eng,38
2004,nl,eng,34
2004,fi,eng,33
2004,xx,eng,31
2004,gb,eng,26
2004,dk,2004,25
2004,enk,eng,23
2004,sz,eng,11
2004,de,eng,9
2004,mau,eng,8
2004,ne,eng,8
2004,fr,fre,7
2004,sw,swe,6
2004,de,ger,5
2004,de,mul,5
2004,PT,por,4
2004,fr,eng,4
2004,xx,2004,4
2004,fi,fin,3
2004,nju,eng,3
2004,no,eng,3
2004,nyu,eng,3
2004,gb,2004,2
2004,mx,eng,2
2004,gw,fre,2
2004,flu,eng,2
2004,se,eng,2
2004,gw,,2
2004,xx,zxx,2
2004,it,eng,2
2004,cau,eng,2
2004,sz,ger,2
2004,no#,eng,2
2004,ctu,eng,1
2004,dcu,eng,1
2004,at,eng,1
2004,fr,mul,1
2004,xx,fre,1
2004,sw,,1
2004,ch,eng,1
2004,GB,por,1
2004,pau,eng,1
2004,pl,pol,1
2004,jp,eng,1
2004,za,eng,1
2004,au,ger,1
2004,pl,rus,1
2004,xxu,zxx,1
2004,no,nob,1
2004,fr,ita,1
2004,xxc,eng,1
2004,si,eng,1
2004,hu,eng,1
2004,ii,eng,1
2004,US,por,1
2004,un,ger,1
2004,it,fre,1
2004,xx,ger,1
2004,ru,mul,1
2004,ja,eng,1
2004,xxk,swe,1
2004,no,swe,1
2004,fr,spa,1
2004,er,eng,1
2004,au,eng,1
2004,us,2004,1
2004,miu,eng,1
2004,eu,zxx,1
2004,xxu,,1
2004,fr,ger,1
2005,gw,eng,1146
2005,gw,ger,190
2005,xx,,100
2005,xxu,eng,58
2005,xx,eng,57
2005,us,eng,44
2005,xxk,eng,38
2005,sw,eng,36
2005,nl,eng,33
2005,gb,eng,33
2005,pl,eng,31
2005,fi,eng,31
2005,enk,eng,16
2005,de,eng,12
2005,dk,2005,11
2005,no#,eng,8
2005,nyu,eng,7
2005,sw,swe,6
2005,ne,eng,6
2005,ii,eng,5
2005,de,ger,5
2005,de,fre,5
2005,nju,eng,5
2005,pau,eng,4
2005,no,eng,4
2005,mau,eng,4
2005,fr,eng,4
2005,,eng,3
2005,cau,eng,3
2005,lu,eng,3
2005,gb,2005,3
2005,sz,ger,3
2005,de,2005,3
2005,xx,fre,2
2005,sg,eng,2
2005,MO,por,2
2005,PT,por,2
2005,be,eng,2
2005,au,ger,2
2005,dcu,eng,2
2005,bcc,eng,1
2005,iau,eng,1
2005,sz,fre,1
2005,ilu,eng,1
2005,li,eng,1
2005,sz,eng,1
2005,pl,fre,1
2005,GB,por,1
2005,ru,rus,1
2005,in,eng,1
2005,jp,onb,1
2005,sw,zxx,1
2005,fi,fin,1
2005,nhu,eng,1
2005,fr,zxx,1
2005,fr,mul,1
2005,no,nob,1
2005,us,2005,1
2005,er,eng,1
2005,gw,dut,1
2005,dk,dan,1
2005,nmu,eng,1
2005,ca,eng,1
2005,lh,ger,1
2005,fr,fre,1
2006,gw,eng,990
2006,gw,ger,161
2006,xx,,91
2006,xx,eng,68
2006,sw,eng,52
2006,xxu,eng,50
2006,pl,eng,40
2006,nl,eng,34
2006,xxk,eng,30
2006,us,eng,26
2006,fi,eng,26
2006,gb,eng,21
2006,enk,eng,19
2006,dk,2006,19
2006,de,eng,16
2006,PT,por,13
2006,nyu,eng,8
2006,mau,eng,7
2006,sz,ger,6
2006,sw,swe,6
2006,se,2006,6
2006,de,fre,5
2006,fr,mmm,5
2006,gb,2006,4
2006,xx,fre,4
2006,de,ger,4
2006,ne,eng,4
2006,nju,eng,4
2006,fi,fin,4
2006,dcu,eng,4
2006,fr,fre,3
2006,dk,eng,3
2006,nl,ned,3
2006,sz,eng,3
2006,fr,eng,2
2006,fr,wol,2
2006,au,eng,2
2006,xx,ger,2
2006,pl,pol,2
2006,ch,eng,2
2006,gw,,1
2006,miu,eng,1
2006,il,eng,1
2006,mdu,eng,1
2006,it,eng,1
2006,ii,eng,1
2006,nhu,eng,1
2006,gw,fre,1
2006,xx,swe,1
2006,gh,eng,1
2006,ch,ger,1
2006,,eng,1
2006,at,eng,1
2006,er,eng,1
2006,lu,eng,1
2006,es,eng,1
2006,ilu,eng,1
2006,flu,eng,1
2006,GB,por,1
2006,be,eng,1
2006,xxc,eng,1
2006,gb,fre,1
2006,ca,eng,1
2006,si,eng,1
2006,no#,eng,1
2006,no,swe,1
2006,xx,zxx,1
2006,gw,cat,1
2006,ba,eng,1
2006,fi,swe,1
2006,au,ger,1
2006,eu,eng,1
2006,at,2006,1
2006,NL,por,1
2007,gw,eng,1011
2007,gw,ger,229
2007,xx,,118
2007,xx,eng,80
2007,xxu,eng,58
2007,sw,eng,48
2007,fi,eng,47
2007,xxk,eng,40
2007,pl,eng,39
2007,enk,eng,37
2007,nl,eng,30
2007,us,eng,30
2007,gb,eng,19
2007,de,eng,17
2007,dk,2007,13
2007,PT,por,11
2007,no#,eng,9
2007,ne,eng,8
2007,sz,ger,6
2007,sz,eng,6
2007,au,ger,5
2007,nyu,eng,4
2007,de,ger,4
2007,fr,eng,4
2007,fr,fre,4
2007,pl,pol,4
2007,gw,,3
2007,eu,eng,3
2007,xr,eng,3
2007,no,eng,3
2007,ja,eng,2
2007,de,mul,2
2007,eu,fre,2
2007,dk,eng,2
2007,no,,2
2007,ch,eng,2
2007,xxc,eng,2
2007,fi,fin,2
2007,hu-,eng,1
2007,nju,eng,1
2007,be,eng,1
2007,gw,fre,1
2007,no,nob,1
2007,BE,por,1
2007,no,zxx,1
2007,be,fre,1
2007,xxu,,1
2007,zz,eng,1
2007,us,2007,1
2007,fr,spa,1
2007,gb,2007,1
2007,mou,eng,1
2007,gw,mul,1
2007,mdu,eng,1
2007,ctu,eng,1
2007,xxu,zxx,1
2007,sz,fre,1
2007,mx,eng,1
2007,de,dui,1
2007,au,eng,1
2007,dcu,eng,1
2007,gb,fre,1
2007,flu,eng,1
2007,sw,swe,1
2007,uik,eng,1
2007,es,spa,1
2007,at,eng,1
2008,gw,eng,1116
2008,gw,ger,236
2008,xx,,145
2008,xx,eng,99
2008,sw,eng,72
2008,pl,eng,59
2008,xxu,eng,41
2008,us,eng,39
2008,xxk,eng,37
2008,de,eng,36
2008,fi,eng,34
2008,gb,eng,29
2008,nl,eng,25
2008,enk,eng,22
2008,dk,2008,18
2008,xr,eng,11
2008,no#,eng,11
2008,PT,por,9
2008,ne,eng,9
2008,nyu,eng,8
2008,no,eng,7
2008,de,fre,6
2008,fi,swe,6
2008,au,ger,5
2008,fr,eng,5
2008,be,eng,5
2008,xxu,,4
2008,de,ger,4
2008,dcu,eng,3
2008,ctu,eng,3
2008,jp,fre,3
2008,mau,eng,3
2008,bu,eng,3
2008,sw,swe,3
2008,xxu,zxx,2
2008,xr,cze,2
2008,sz,eng,2
2008,fr,fre,2
2008,sz,fre,2
2008,ch,eng,2
2008,xxu,swe,2
2008,sw,,2
2008,au,eng,2
2008,cau,eng,2
2008,sz,ger,2
2008,it,mul,1
2008,eu,zxx,1
2008,xx#,zxx,1
2008,fr,mul,1
2008,fi,fin,1
2008,it,eng,1
2008,gw,,1
2008,ncu,eng,1
2008,ja,jpn,1
2008,sa,eng,1
2008,dk,eng,1
2008,sp,fin,1
2008,pl,pol,1
2008,no,dan,1
2008,xx,zxx,1
2008,fi,zxx,1
2008,us,zxx,1
2008,ii,eng,1
2008,xx,ger,1
2008,nju,eng,1
2008,onc,eng,1
2008,,eng,1
2008,xx,2008,1
2008,ES,por,1
2008,us,2008,1
2009,gw,eng,1234
2009,gw,ger,275
2009,xx,,186
2009,sw,eng,87
2009,xx,eng,69
2009,xxk,eng,54
2009,xxu,eng,53
2009,pl,eng,49
2009,dk,2009,39
2009,us,eng,31
2009,gb,eng,30
2009,fi,eng,29
2009,de,eng,22
2009,nl,eng,20
2009,enk,eng,19
2009,no#,eng,10
2009,ne,eng,10
2009,de,ger,6
2009,no,eng,6
2009,sz,ger,6
2009,gw,,5
2009,sz,eng,5
2009,sw,swe,4
2009,de,fre,4
2009,PT,por,4
2009,eu,eng,4
2009,ii,eng,3
2009,nyu,eng,3
2009,fr,fre,3
2009,er,eng,3
2009,xxk,zxx,3
2009,fr,mul,3
2009,xx,fin,2
2009,au,eng,2
2009,gw,fre,2
2009,no,,2
2009,fi,swe,2
2009,us,2009,2
2009,fr,eng,2
2009,au,ger,2
2009,fi,lat,2
2009,xxu,zxx,2
2009,nl,ned,2
2009,fr,zxx,1
2009,no,swe,1
2009,nju,eng,1
2009,lh,eng,1
2009,wyu,eng,1
2009,pl,fre,1
2009,ES,por,1
2009,cou,eng,1
2009,flu,eng,1
2009,bg,eng,1
2009,vc,eng,1
2009,bu,eng,1
2009,at,eng,1
2009,be,eng,1
2009,in,eng,1
2009,xx,spa,1
2009,ru,rus,1
2009,gm,eng,1
2009,se,2009,1
2009,GB,por,1
2009,it,eng,1
2009,gb,fre,1
2009,pl,pol,1
2009,mau,eng,1
2009,ja,eng,1
2009,at,ger,1
2009,uik,eng,1
2009,de,2009,1
2009,lu,eng,1
2009,xr,eng,1
2009,it,ita,1
2009,it-,eng,1
2010,gw,eng,1142
2010,gw,ger,243
2010,xx,,149
2010,sw,eng,78
2010,xx,eng,58
2010,pl,eng,56
2010,xxk,eng,45
2010,xxu,eng,39
2010,us,eng,36
2010,gb,eng,36
2010,fi,eng,35
2010,de,eng,24
2010,enk,eng,23
2010,dk,2010,19
2010,no#,eng,11
2010,sw,swe,11
2010,PT,por,9
2010,nl,eng,8
2010,de,ger,7
2010,au,ger,6
2010,no,eng,6
2010,gw,,5
2010,ne,eng,5
2010,sz,eng,5
2010,nyu,eng,5
2010,gw,fre,4
2010,sz,ger,4
2010,pl,pol,4
2010,no,nob,3
2010,nju,eng,3
2010,gb,2010,3
2010,it,eng,3
2010,xr,eng,2
2010,us,2010,2
2010,xxk,zxx,2
2010,er,eng,2
2010,be,eng,2
2010,cn,chi,1
2010,xx,fre,1
2010,au,eng,1
2010,ch,eng,1
2010,fi,,1
2010,us,mul,1
2010,fr,mul,1
2010,sw,zxx,1
2010,xx,ita,1
2010,xxc,eng,1
2010,at,eng,1
2010,zz,ger,1
2010,cc,eng,1
2010,IT,por,1
2010,us,fre,1
2010,es,eng,1
2010,GB,por,1
2010,it,ger,1
2010,in,eng,1
2010,it,zxx,1
2010,xxk,,1
2010,be,mul,1
2010,cau,eng,1
2010,no,,1
2010,si,eng,1
2010,AT,por,1
2010,ES,por,1
2010,lh,eng,1
2010,de,2010,1
2010,fr,zxx,1
2010,gb,mul,1
2010,sz,fre,1
2010,kyu,eng,1
2010,nr,eng,1
2010,it,ita,1
2011,gw,eng,1294
2011,gw,ger,247
2011,xx,,182
2011,xx,eng,67
2011,sw,eng,64
2011,xxk,eng,61
2011,pl,eng,54
2011,xxu,eng,46
2011,us,eng,37
2011,fi,eng,31
2011,gb,eng,31
2011,nl,eng,28
2011,dk,2011,26
2011,enk,eng,24
2011,de,eng,18
2011,no#,eng,11
2011,no,eng,10
2011,PT,por,9
2011,sz,ger,8
2011,de,ger,7
2011,ne,eng,6
2011,no,nob,4
2011,gw,,3
2011,sw,swe,3
2011,xxc,eng,3
2011,fr,mul,3
2011,pl,pol,3
2011,pau,eng,2
2011,nyu,eng,2
2011,au,ger,2
2011,sz,eng,2
2011,fr,fre,2
2011,er,eng,2
2011,nju,eng,2
2011,it,eng,2
2011,no,,2
2011,si,eng,2
2011,hu,eng,1
2011,fi,fin,1
2011,fr,zxx,1
2011,mau,eng,1
2011,zz,eng,1
2011,GB,por,1
2011,de,2011,1
2011,us,2011,1
2011,sq,eng,1
2011,gw,fre,1
2011,xx,ita,1
2011,ch,eng,1
2011,xr,cze,1
2011,no,zxx,1
2011,cou,eng,1
2011,xr,eng,1
2011,cau,eng,1
2011,ncu,eng,1
2011,mnu,eng,1
2011,fr,eng,1
2011,in,eng,1
2011,ilu,eng,1
2011,|,ger,1
2011,xx,zxx,1
2011,USPT,por,1
2012,gw,eng,1100
2012,gw,ger,297
2012,xx,,174
2012,xx,eng,70
2012,sw,eng,54
2012,pl,eng,53
2012,xxk,eng,40
2012,xxu,eng,38
2012,fi,eng,36
2012,enk,eng,32
2012,gb,eng,28
2012,de,eng,25
2012,us,eng,24
2012,nl,eng,24
2012,dk,2012,19
2012,nyu,eng,13
2012,sw,swe,12
2012,sz,eng,9
2012,ne,eng,9
2012,PT,por,8
2012,no#,eng,8
2012,no,eng,8
2012,au,ger,5
2012,gw,fre,4
2012,de,ger,4
2012,pl,pol,4
2012,xx,2012,3
2012,ch,eng,3
2012,sz,ger,3
2012,fr,fre,3
2012,de,2012,2
2012,pau,eng,2
2012,it,eng,2
2012,fr,eng,2
2012,dcu,eng,2
2012,GB,por,2
2012,xr,eng,2
2012,gb,2012,2
2012,PT E,por,1
2012,er,eng,1
2012,riu,eng,1
2012,cc,eng,1
2012,gw,,1
2012,RU,por,1
2012,nl,ned,1
2012,03,,1
2012,jp,jpn,1
2012,xxu,zxx,1
2012,zz,eng,1
2012,pl,ger,1
2012,si,eng,1
2012,gw,zxx,1
2012,xxc,eng,1
2012,ii,eng,1
2012,mau,eng,1
2012,15,,1
2012,be,eng,1
2012,US,por,1
2012,sw,,1
2012,nju,eng,1
2012,pl,spa,1
2012,un,eng,1
2013,gw,eng,1204
2013,gw,ger,264
2013,xx,,221
2013,xx,eng,88
2013,sw,eng,56
2013,xxu,eng,52
2013,pl,eng,48
2013,xxk,eng,34
2013,us,eng,33
2013,dk,2013,31
2013,nl,eng,29
2013,de,eng,25
2013,gb,eng,23
2013,fi,eng,15
2013,enk,eng,14
2013,ne,eng,13
2013,PT,por,12
2013,sw,swe,11
2013,no#,eng,9
2013,no,eng,7
2013,sz,eng,6
2013,au,ger,6
2013,ch,eng,5
2013,gw,fre,4
2013,gb,2013,4
2013,de,ger,3
2013,eu,mul,3
2013,sz,ger,3
2013,gw,,3
2013,ja,eng,2
2013,it,eng,2
2013,nju,eng,2
2013,nl,ned,2
2013,nyu,eng,2
2013,fr,mul,2
2013,pl,pol,2
2013,fr,fre,2
2013,fr,eng,2
2013,ilu,eng,2
2013,ES,por,1
2013,GB,por,1
2013,xx,ger,1
2013,eu,eng,1
2013,de,dui,1
2013,no,,1
2013,nr,,1
2013,in,eng,1
2013,gw,rus,1
2013,mau,eng,1
2013,IT,por,1
2013,si,eng,1
2013,stk,eng,1
2013,pau,eng,1
2013,no#,nob,1
2013,xr,eng,1
2013,no,nob,1
2013,fi,swe,1
2013,nz,eng,1
2013,sq,eng,1
2013,jp,eng,1
2014,gw,eng,1344
2014,gw,ger,277
2014,xx,,184
2014,pl,eng,74
2014,xx,eng,63
2014,sw,eng,51
2014,xxk,eng,44
2014,xxu,eng,39
2014,gb,eng,38
2014,us,eng,36
2014,nl,eng,32
2014,dk,2014,27
2014,ch,eng,24
2014,fi,eng,21
2014,enk,eng,17
2014,sw,swe,13
2014,de,eng,12
2014,sz,eng,11
2014,PT,por,10
2014,sw,,10
2014,sz,ger,9
2014,gw,,9
2014,no,eng,8
2014,ne,eng,7
2014,de,ger,7
2014,au,ger,6
2014,no#,eng,6
2014,er,eng,5
2014,no,nob,4
2014,gw,fre,4
2014,xr,eng,4
2014,jp,eng,3
2014,ja,eng,3
2014,fr,fre,3
2014,pau,eng,2
2014,,eng,2
2014,zz,eng,2
2014,DE,por,2
2014,in,eng,2
2014,GR,por,1
2014,eu,eng,1
2014,nz,eng,1
2014,cou,eng,1
2014,ii,eng,1
2014,xxc,eng,1
2014,nju,eng,1
2014,xxu,zxx,1
2014,xx,mul,1
2014,gb,2014,1
2014,fr,zxx,1
2014,onc,eng,1
2014,gr,mmm,1
2014,mau,eng,1
2014,mdu,eng,1
2014,fr,mmm,1
2014,no,,1
2014,ca,mul,1
2014,sa,eng,1
2014,pl,ang,1
2014,it,eng,1
2014,nyu,eng,1
2014,fr,eng,1
2014,cau,eng,1
2014,tr,eng,1
2014,at,eng,1
2014,se,2014,1
2015,gw,eng,1692
2015,gw,ger,267
2015,xx,,218
2015,xx,eng,105
2015,sw,eng,100
2015,pl,eng,60
2015,nl,eng,35
2015,gb,eng,33
2015,xxu,eng,28
2015,de,eng,27
2015,xxk,eng,25
2015,us,eng,23
2015,fi,eng,23
2015,dk,2015,22
2015,sz,eng,17
2015,ch,eng,14
2015,sw,swe,14
2015,no,eng,13
2015,enk,eng,13
2015,ne,eng,11
2015,de,ger,9
2015,PT,por,9
2015,ii,eng,8
2015,au,eng,8
2015,at,eng,7
2015,fr,eng,5
2015,nyu,eng,5
2015,ja,eng,4
2015,no#,eng,4
2015,no,nob,4
2015,gw,fre,4
2015,sw,,3
2015,no,,3
2015,sz,ger,3
2015,jp,eng,3
2015,in,eng,3
2015,,eng,2
2015,nbu,eng,2
2015,pl,pol,2
2015,gw,,2
2015,xr,eng,1
2015,cn,eng,1
2015,nju,eng,1
2015,xx,fre,1
2015,no,swe,1
2015,it,eng,1
2015,xr,cze,1
2015,cau,eng,1
2015,id,eng,1
2015,fr,fre,1
2015,ES,por,1
2015,au,ger,1
2015,mau,eng,1
2015,nz,eng,1
2015,gw,zxx,1
2015,li,eng,1
2015,be,eng,1
2015,ilu,eng,1
2015,eu,zxx,1
2015,gw,swe,1
2015,SE,por,1
2015,xx,ger,1
2015,fr,zxx,1
2015,us,zxx,1
2015,de,mmm,1
2015,cou,eng,1
2015,,zxx,1
2015,onc,eng,1
2016,gw,eng,3162
2016,gw,ger,282
2016,xx,,212
2016,sw,eng,92
2016,pl,eng,90
2016,xx,eng,71
2016,xxu,eng,45
2016,fi,eng,39
2016,us,eng,32
2016,dk,2016,31
2016,xxk,eng,28
2016,nl,eng,27
2016,gb,eng,21
2016,no,eng,17
2016,sz,eng,16
2016,PT,por,15
2016,sw,swe,13
2016,enk,eng,12
2016,sw,,11
2016,gw,,10
2016,ne,eng,7
2016,ch,eng,6
2016,ilu,eng,5
2016,nyu,eng,5
2016,xxu,zxx,4
2016,gw,fre,4
2016,sz,ger,4
2016,gw,zxx,4
2016,au,ger,3
2016,xr,eng,3
2016,si,eng,3
2016,de,eng,3
2016,er,eng,2
2016,no,,2
2016,mau,eng,2
2016,fr,eng,2
2016,fr,fre,2
2016,ch,2016,1
2016,sz,swe,1
2016,nl,ned,1
2016,fr,zxx,1
2016,xx,2016,1
2016,no,nob,1
2016,de,ger,1
2016,ca,eng,1
2016,sg,eng,1
2016,ii,eng,1
2016,nju,eng,1
2016,pl,pol,1
2016,pf,fre,1
2016,gb,2016,1
2016,xx,ger,1
2016,,eng,1
2016,gb,zxx,1
2016,eu,zxx,1
2016,xxc,eng,1
2017,gw,eng,3612
2017,gw,ger,276
2017,xx,,202
2017,sw,eng,104
2017,pl,eng,84
2017,xx,eng,56
2017,xxk,eng,42
2017,xxu,eng,33
2017,fi,eng,33
2017,no,eng,29
2017,dk,2017,25
2017,gb,eng,25
2017,nl,eng,17
2017,enk,eng,16
2017,us,eng,16
2017,PT,por,14
2017,gw,fre,12
2017,sw,,10
2017,sw,swe,9
2017,ch,eng,6
2017,no,,6
2017,sz,eng,5
2017,jp,eng,4
2017,pl,pol,4
2017,ja,eng,4
2017,au,ger,4
2017,ES,por,3
2017,si,eng,3
2017,de,ger,2
2017,sz,ger,2
2017,sk,eng,2
2017,pl,ger,2
2017,fr,eng,2
2017,se,2017,2
2017,xxu,zxx,2
2017,zz,eng,2
2017,flu,eng,2
2017,ilu,eng,1
2017,xx,fre,1
2017,ne,eng,1
2017,sg,eng,1
2017,nyu,eng,1
2017,ii,eng,1
2017,,ger,1
2017,gw,chi,1
2017,gb,2017,1
2017,no,mul,1
2017,eu,eng,1
2017,tu,ger,1
2017,nju,eng,1
2017,gw,,1
2017,eu,fre,1
2017,no,zxx,1
2017,de,eng,1
2017,cc,eng,1
2017,NL,por,1
2017,it,eng,1
2017,us,2017,1
2017,nl,ned,1
2017,xr,eng,1
2018,gw,eng,4280
2018,gw,ger,220
2018,xx,,214
2018,sw,eng,134
2018,xx,eng,109
2018,pl,eng,89
2018,sz,eng,58
2018,xxk,eng,39
2018,dk,2018,31
2018,us,eng,29
2018,xxu,eng,26
2018,sw,swe,20
2018,gb,eng,20
2018,PT,por,20
2018,fi,eng,18
2018,si,eng,9
2018,nl,eng,9
2018,enk,eng,9
2018,no,eng,9
2018,er,eng,8
2018,sw,smj,5
2018,sw,fiu,5
2018,de,eng,4
2018,nyu,eng,4
2018,ch,eng,4
2018,xx,fre,3
2018,gw,zxx,3
2018,us,2018,3
2018,sz,ger,3
2018,eu,zxx,3
2018,eu,eng,3
2018,dk,eng,2
2018,dcu,eng,2
2018,ja,eng,2
2018,sg,eng,2
2018,fr,eng,2
2018,sw,,2
2018,sp,eng,2
2018,pl,ger,2
2018,xx,ger,2
2018,pl,pol,2
2018,mx,eng,1
2018,IT,por,1
2018,no,nob,1
2018,au,ger,1
2018,no,dan,1
2018,it,ita,1
2018,miu,eng,1
2018,xr,eng,1
2018,be,eng,1
2018,fi,swe,1
2018,fi,fin,1
2018,be,ned,1
2018,mau,eng,1
2018,nl,ned,1
2018,un,eng,1
2018,au,eng,1
2018,nl,2018,1
2018,gw,dut,1
2018,gw,fre,1
2018,no,,1
2018,fr,ger,1
2018,de,ger,1
2018,,eng,1
2018,ilu,eng,1
2019,gw,eng,4095
2019,gw,ger,211
2019,xx,eng,166
2019,xx,,164
2019,pl,eng,106
2019,sw,eng,106
2019,dk,2019,39
2019,xxk,eng,25
2019,gb,eng,20
2019,fi,eng,19
2019,us,eng,16
2019,xxu,eng,14
2019,no,eng,14
2019,nl,eng,11
2019,fr,fre,10
2019,sw,swe,10
2019,PT,por,8
2019,er,eng,8
2019,enk,eng,7
2019,au,eng,6
2019,pl,pol,6
2019,si,eng,6
2019,sw,fin,5
2019,sw,yid,5
2019,au,ger,4
2019,ne,eng,4
2019,sz,eng,4
2019,ch,eng,3
2019,sz,ger,3
2019,de,eng,3
2019,xx,fre,3
2019,fi,fin,2
2019,fi,mul,2
2019,xr,eng,2
2019,nyu,eng,2
2019,nl,ned,2
2019,sg,eng,2
2019,gw,gre,2
2019,,eng,1
2019,US,por,1
2019,xx,rus,1
2019,mau,eng,1
2019,mdu,eng,1
2019,|,eng,1
2019,no,nob,1
2019,ilu,eng,1
2019,fi,ita,1
2019,si,ger,1
2019,pl,fre,1
2019,dk,ger,1
2019,gw,,1
2019,xxu,zxx,1
2019,de,ger,1
2019,xxk,zxx,1
2019,dk,dan,1
2019,sa,eng,1
2019,fi,zxx,1
2019,sw,,1
2020,gw,eng,4113
2020,gw,ger,163
2020,xx,,161
2020,sw,eng,135
2020,xx,eng,120
2020,pl,eng,96
2020,sw,swe,58
2020,xxk,eng,31
2020,gb,eng,25
2020,dk,2020,25
2020,xxu,eng,20
2020,fi,eng,19
2020,us,eng,17
2020,enk,eng,14
2020,no,eng,12
2020,nl,eng,9
2020,sz,eng,9
2020,xx,fre,8
2020,sw,,7
2020,xx,ger,6
2020,fi,lat,6
2020,ch,eng,5
2020,si,eng,5
2020,pl,pol,4
2020,it,eng,3
2020,gw,zxx,3
2020,no,,3
2020,nyu,eng,3
2020,ne,eng,3
2020,PT,por,2
2020,fi,ger,2
2020,fr,eng,2
2020,xx,dut,2
2020,sw,zxx,2
2020,fi,swe,2
2020,gw,pol,1
2020,de,eng,1
2020,jp,eng,1
2020,31,,1
2020,cn,eng,1
2020,miu,eng,1
2020,uuu,eng,1
2020,nju,eng,1
2020,it,mmm,1
2020,us,2020,1
2020,xxk,ger,1
2020,au,ger,1
2020,gw,ara,1
2020,ja,eng,1
2020,ca,eng,1
2020,zz,eng,1
2020,06,,1
2020,xr,eng,1
2020,sg,eng,1
2020,it,ger,1
2020,ilu,eng,1
2020,no,nob,1
2020,xxk,,1
2021,gw,eng,4751
2021,gw,ger,205
2021,xx,,179
2021,sw,eng,139
2021,xx,eng,95
2021,pl,eng,73
2021,fi,eng,36
2021,sw,,26
2021,sw,swe,25
2021,dk,2021,25
2021,nl,eng,22
2021,xxk,eng,20
2021,gb,eng,18
2021,us,eng,14
2021,xxu,eng,11
2021,sz,eng,10
2021,no,eng,7
2021,fi,swe,7
2021,enk,eng,6
2021,PT,por,6
2021,xx,ger,3
2021,gw,zxx,3
2021,ch,eng,3
2021,nyu,eng,3
2021,er,eng,3
2021,ne,eng,3
2021,fr,fre,2
2021,de,ger,2
2021,xr,eng,2
2021,fi,fin,2
2021,nl,ned,2
2021,xx,fre,2
2021,sz,ger,2
2021,au,ger,2
2021,zz,eng,2
2021,pl,pol,2
2021,ch,2021,1
2021,mdu,eng,1
2021,no,,1
2021,er,est,1
2021,xx,hun,1
2021,ne,ger,1
2021,gw,spa,1
2021,sg,eng,1
2021,fr,eng,1
2021,mau,eng,1
2021,pl,ger,1
2021,xxc,eng,1
2021,de,eng,1
2021,cau,eng,1
2021,at,eng,1
2021,flu,eng,1
2022,gw,eng,4968
2022,xx,,198
2022,gw,ger,188
2022,sw,eng,137
2022,xx,eng,120
2022,pl,eng,54
2022,fi,eng,33
2022,gb,eng,26
2022,dk,2022,23
2022,sw,swe,19
2022,sw,,17
2022,xxu,eng,16
2022,xxk,eng,15
2022,no,eng,14
2022,sz,eng,12
2022,nl,eng,12
2022,us,eng,10
2022,enk,eng,9
2022,PT,por,8
2022,si,eng,8
2022,ch,eng,7
2022,xx#,eng,5
2022,sw,ukr,5
2022,au,ger,2
2022,sz,ger,2
2022,gw,fre,2
2022,dk,eng,2
2022,flu,eng,2
2022,sw,hun,2
2022,pl,pol,2
2022,xx,ger,2
2022,er,eng,1
2022,de,eng,1
2022,,eng,1
2022,xr,eng,1
2022,GB,por,1
2022,sg,eng,1
2022,sw,fre,1
2022,ne,eng,1
2022,gw,,1
2022,fr,zxx,1
2022,pl,fre,1
2022,no,,1
2022,hu,eng,1
2022,xxc,swe,1
2022,de,dui,1
2022,fr,mul,1
2022,pl,ger,1
2022,gw,zxx,1
2022,nyu,eng,1
2022,nl,ned,1
2023,gw,eng,5222
2023,gw,ger,207
2023,sw,eng,154
2023,xx,eng,148
2023,xx,,137
2023,pl,eng,68
2023,sz,eng,27
2023,dk,2023,19
2023,xxu,eng,18
2023,sw,,18
2023,fi,eng,15
2023,er,eng,13
2023,enk,eng,12
2023,nl,eng,12
2023,PT,por,11
2023,gb,eng,11
2023,sw,swe,10
2023,xxk,eng,8
2023,us,eng,8
2023,no,eng,7
2023,ch,eng,5
2023,nyu,eng,4
2023,sz,ger,3
2023,cau,eng,3
2023,nju,eng,3
2023,eu,eng,3
2023,si,eng,3
2023,au,ger,3
2023,pl,pol,2
2023,gw,zxx,2
2023,nl,ned,2
2023,xxu,zxx,1
2023,gw,rus,1
2023,no,,1
2023,ilu,eng,1
2023,nl,mis,1
2023,mau,eng,1
2023,xx,zxx,1
2023,uuu,eng,1
2023,no,nob,1
2023,mdu,eng,1
2023,xxc,eng,1
2023,de,eng,1
2024,gw,eng,6008
2024,xx,eng,180
2024,gw,ger,158
2024,sw,eng,157
2024,xx,,149
2024,pl,eng,57
2024,fi,eng,33
2024,dk,2024,29
2024,sw,swe,18
2024,sw,,18
2024,sz,eng,12
2024,xxk,eng,12
2024,nl,eng,12
2024,xxu,eng,11
2024,er,eng,9
2024,no,eng,9
2024,gb,eng,9
2024,PT,por,7
2024,us,eng,6
2024,si,eng,5
2024,nyu,eng,4
2024,uuu,eng,4
2024,enk,eng,4
2024,ne,eng,3
2024,sg,eng,3
2024,fr,eng,3
2024,nju,eng,2
2024,eu,eng,2
2024,fi,fre,2
2024,xr,eng,2
2024,no,,2
2024,au,ger,1
2024,us,2024,1
2024,fr,zxx,1
2024,no,zxx,1
2024,ch,eng,1
2024,au,eng,1
2024,US,por,1
2024,gw,zxx,1
2024,de,eng,1
2024,|,swe,1
2024,GB,por,1
2024,xx,ger,1
2024,fr,fre,1
2025,gw,eng,220
2025,sw,eng,126
2025,xx,eng,114
2025,xx,,85
2025,gw,ger,24
2025,nl,eng,18
2025,sw,,18
2025,pl,eng,16
2025,dk,2025,15
2025,sw,swe,13
2025,enk,eng,8
2025,xxk,eng,8
2025,no,eng,7
2025,gb,eng,7
2025,fi,eng,6
2025,us,eng,5
2025,sz,eng,5
2025,si,eng,3
2025,nyu,eng,2
2025,xxu,eng,2
2025,er,eng,2
2025,gw,swe,2
2025,sz,ger,2
2025,ne,eng,2
2025,gb,2025,1
2025,nl,ned,1
2025,gw,zxx,1
2025,eu,zxx,1
2025,no,,1
2025,nl,dui,1
2026,xx,eng,6
2026,no,,3
2026,xx,,2
2026,dk,2026,1
2026,xxk,eng,1
2026,gw,eng,1
